#,name,date,time,value,
,pm1,2014-01-01,00:00:00,1.28083e-08,
,pm2p5,2014-01-01,00:00:00,2.45818e-08,
,pm10,2014-01-01,00:00:00,3.113e-08,
,u10,2014-01-01,00:00:00,1.70715,
,v10,2014-01-01,00:00:00,-0.926605,
,t2m,2014-01-01,00:00:00,287.196,
,d2m,2014-01-01,00:00:00,280.942,
,pm1,2014-01-01,03:00:00,1.12445e-08,
,pm2p5,2014-01-01,03:00:00,2.12665e-08,
,pm10,2014-01-01,03:00:00,2.66344e-08,
,u10,2014-01-01,03:00:00,1.13169,
,v10,2014-01-01,03:00:00,-0.741726,
,t2m,2014-01-01,03:00:00,287.075,
,d2m,2014-01-01,03:00:00,280.287,
,pm1,2014-01-01,06:00:00,1.0242e-08,
,pm2p5,2014-01-01,06:00:00,1.90629e-08,
,pm10,2014-01-01,06:00:00,2.3826e-08,
,u10,2014-01-01,06:00:00,-0.45695,
,v10,2014-01-01,06:00:00,-0.294265,
,t2m,2014-01-01,06:00:00,288.206,
,d2m,2014-01-01,06:00:00,281.127,
,pm1,2014-01-01,09:00:00,1.15644e-08,
,pm2p5,2014-01-01,09:00:00,2.08601e-08,
,pm10,2014-01-01,09:00:00,2.57915e-08,
,u10,2014-01-01,09:00:00,-1.37912,
,v10,2014-01-01,09:00:00,0.615497,
,t2m,2014-01-01,09:00:00,289.622,
,d2m,2014-01-01,09:00:00,284.508,
,pm1,2014-01-01,12:00:00,2.03656e-08,
,pm2p5,2014-01-01,12:00:00,3.41083e-08,
,pm10,2014-01-01,12:00:00,4.1168e-08,
,u10,2014-01-01,12:00:00,-0.536828,
,v10,2014-01-01,12:00:00,0.867568,
,t2m,2014-01-01,12:00:00,289.047,
,d2m,2014-01-01,12:00:00,284.844,
,pm1,2014-01-01,15:00:00,2.18493e-08,
,pm2p5,2014-01-01,15:00:00,3.50897e-08,
,pm10,2014-01-01,15:00:00,4.30296e-08,
,u10,2014-01-01,15:00:00,0.113566,
,v10,2014-01-01,15:00:00,1.70231,
,t2m,2014-01-01,15:00:00,288.771,
,d2m,2014-01-01,15:00:00,285.539,
,pm1,2014-01-01,18:00:00,2.64218e-08,
,pm2p5,2014-01-01,18:00:00,4.42137e-08,
,pm10,2014-01-01,18:00:00,5.60556e-08,
,u10,2014-01-01,18:00:00,0.583432,
,v10,2014-01-01,18:00:00,1.78042,
,t2m,2014-01-01,18:00:00,287.764,
,d2m,2014-01-01,18:00:00,285.32,
,pm1,2014-01-01,21:00:00,2.52498e-08,
,pm2p5,2014-01-01,21:00:00,4.27015e-08,
,pm10,2014-01-01,21:00:00,5.37411e-08,
,u10,2014-01-01,21:00:00,0.581206,
,v10,2014-01-01,21:00:00,1.38861,
,t2m,2014-01-01,21:00:00,287.851,
,d2m,2014-01-01,21:00:00,284.865,
,pm1,2014-01-02,00:00:00,1.83475e-08,
,pm2p5,2014-01-02,00:00:00,3.09958e-08,
,pm10,2014-01-02,00:00:00,3.83288e-08,
,u10,2014-01-02,00:00:00,-0.514076,
,v10,2014-01-02,00:00:00,-0.629603,
,t2m,2014-01-02,00:00:00,287.708,
,d2m,2014-01-02,00:00:00,284.022,
,pm1,2014-01-02,03:00:00,1.78348e-08,
,pm2p5,2014-01-02,03:00:00,3.06129e-08,
,pm10,2014-01-02,03:00:00,3.85533e-08,
,u10,2014-01-02,03:00:00,-2.58544,
,v10,2014-01-02,03:00:00,-0.625893,
,t2m,2014-01-02,03:00:00,288.56,
,d2m,2014-01-02,03:00:00,284.045,
,pm1,2014-01-02,06:00:00,1.57261e-08,
,pm2p5,2014-01-02,06:00:00,2.65699e-08,
,pm10,2014-01-02,06:00:00,3.3261e-08,
,u10,2014-01-02,06:00:00,-3.93173,
,v10,2014-01-02,06:00:00,0.631161,
,t2m,2014-01-02,06:00:00,288.259,
,d2m,2014-01-02,06:00:00,284.429,
,pm1,2014-01-02,09:00:00,1.41443e-08,
,pm2p5,2014-01-02,09:00:00,2.30245e-08,
,pm10,2014-01-02,09:00:00,2.89271e-08,
,u10,2014-01-02,09:00:00,-4.13056,
,v10,2014-01-02,09:00:00,0.168036,
,t2m,2014-01-02,09:00:00,287.673,
,d2m,2014-01-02,09:00:00,286.435,
,pm1,2014-01-02,12:00:00,6.93922e-09,
,pm2p5,2014-01-02,12:00:00,1.01533e-08,
,pm10,2014-01-02,12:00:00,1.34403e-08,
,u10,2014-01-02,12:00:00,-3.39386,
,v10,2014-01-02,12:00:00,-1.11272,
,t2m,2014-01-02,12:00:00,288.127,
,d2m,2014-01-02,12:00:00,285.653,
,pm1,2014-01-02,15:00:00,9.91964e-09,
,pm2p5,2014-01-02,15:00:00,1.41561e-08,
,pm10,2014-01-02,15:00:00,1.91919e-08,
,u10,2014-01-02,15:00:00,-3.65624,
,v10,2014-01-02,15:00:00,-0.633931,
,t2m,2014-01-02,15:00:00,288.723,
,d2m,2014-01-02,15:00:00,284.779,
,pm1,2014-01-02,18:00:00,1.21908e-08,
,pm2p5,2014-01-02,18:00:00,1.75066e-08,
,pm10,2014-01-02,18:00:00,2.38645e-08,
,u10,2014-01-02,18:00:00,-3.78286,
,v10,2014-01-02,18:00:00,-0.71926,
,t2m,2014-01-02,18:00:00,289.452,
,d2m,2014-01-02,18:00:00,283.992,
,pm1,2014-01-02,21:00:00,1.3873e-08,
,pm2p5,2014-01-02,21:00:00,2.01118e-08,
,pm10,2014-01-02,21:00:00,2.73606e-08,
,u10,2014-01-02,21:00:00,-4.22602,
,v10,2014-01-02,21:00:00,-1.824,
,t2m,2014-01-02,21:00:00,290.17,
,d2m,2014-01-02,21:00:00,283.89,
,pm1,2014-01-03,00:00:00,2.42054e-08,
,pm2p5,2014-01-03,00:00:00,3.53286e-08,
,pm10,2014-01-03,00:00:00,4.77214e-08,
,u10,2014-01-03,00:00:00,-5.64205,
,v10,2014-01-03,00:00:00,-2.53487,
,t2m,2014-01-03,00:00:00,290.139,
,d2m,2014-01-03,00:00:00,283.363,
,pm1,2014-01-03,03:00:00,2.49617e-08,
,pm2p5,2014-01-03,03:00:00,3.72835e-08,
,pm10,2014-01-03,03:00:00,5.03451e-08,
,u10,2014-01-03,03:00:00,-6.72323,
,v10,2014-01-03,03:00:00,-2.50684,
,t2m,2014-01-03,03:00:00,289.569,
,d2m,2014-01-03,03:00:00,282.64,
,pm1,2014-01-03,06:00:00,2.39289e-08,
,pm2p5,2014-01-03,06:00:00,3.68937e-08,
,pm10,2014-01-03,06:00:00,4.98781e-08,
,u10,2014-01-03,06:00:00,-7.56973,
,v10,2014-01-03,06:00:00,-2.33329,
,t2m,2014-01-03,06:00:00,289.148,
,d2m,2014-01-03,06:00:00,282.613,
,pm1,2014-01-03,09:00:00,2.1961e-08,
,pm2p5,2014-01-03,09:00:00,3.49839e-08,
,pm10,2014-01-03,09:00:00,4.71248e-08,
,u10,2014-01-03,09:00:00,-7.59669,
,v10,2014-01-03,09:00:00,-2.65194,
,t2m,2014-01-03,09:00:00,288.74,
,d2m,2014-01-03,09:00:00,284.775,
,pm1,2014-01-03,12:00:00,7.40876e-09,
,pm2p5,2014-01-03,12:00:00,1.20269e-08,
,pm10,2014-01-03,12:00:00,1.61654e-08,
,u10,2014-01-03,12:00:00,-6.57386,
,v10,2014-01-03,12:00:00,-2.80899,
,t2m,2014-01-03,12:00:00,288.599,
,d2m,2014-01-03,12:00:00,284.748,
,pm1,2014-01-03,15:00:00,9.90807e-09,
,pm2p5,2014-01-03,15:00:00,1.59876e-08,
,pm10,2014-01-03,15:00:00,2.12485e-08,
,u10,2014-01-03,15:00:00,-6.79742,
,v10,2014-01-03,15:00:00,-3.08497,
,t2m,2014-01-03,15:00:00,287.881,
,d2m,2014-01-03,15:00:00,283.385,
,pm1,2014-01-03,18:00:00,1.26364e-08,
,pm2p5,2014-01-03,18:00:00,2.02519e-08,
,pm10,2014-01-03,18:00:00,2.67781e-08,
,u10,2014-01-03,18:00:00,-6.8731,
,v10,2014-01-03,18:00:00,-3.67836,
,t2m,2014-01-03,18:00:00,288.759,
,d2m,2014-01-03,18:00:00,282.81,
,pm1,2014-01-03,21:00:00,1.43266e-08,
,pm2p5,2014-01-03,21:00:00,2.31881e-08,
,pm10,2014-01-03,21:00:00,3.08272e-08,
,u10,2014-01-03,21:00:00,-7.51409,
,v10,2014-01-03,21:00:00,-4.09222,
,t2m,2014-01-03,21:00:00,289.271,
,d2m,2014-01-03,21:00:00,281.966,
,pm1,2014-01-04,00:00:00,9.15688e-09,
,pm2p5,2014-01-04,00:00:00,1.50532e-08,
,pm10,2014-01-04,00:00:00,1.99309e-08,
,u10,2014-01-04,00:00:00,-7.09987,
,v10,2014-01-04,00:00:00,-3.53759,
,t2m,2014-01-04,00:00:00,288.759,
,d2m,2014-01-04,00:00:00,282.475,
,pm1,2014-01-04,03:00:00,1.27325e-08,
,pm2p5,2014-01-04,03:00:00,2.12313e-08,
,pm10,2014-01-04,03:00:00,2.81509e-08,
,u10,2014-01-04,03:00:00,-7.78562,
,v10,2014-01-04,03:00:00,-3.78945,
,t2m,2014-01-04,03:00:00,288.813,
,d2m,2014-01-04,03:00:00,282.704,
,pm1,2014-01-04,06:00:00,1.59942e-08,
,pm2p5,2014-01-04,06:00:00,2.68285e-08,
,pm10,2014-01-04,06:00:00,3.58629e-08,
,u10,2014-01-04,06:00:00,-8.34378,
,v10,2014-01-04,06:00:00,-4.11263,
,t2m,2014-01-04,06:00:00,288.342,
,d2m,2014-01-04,06:00:00,281.941,
,pm1,2014-01-04,09:00:00,1.80654e-08,
,pm2p5,2014-01-04,09:00:00,3.0036e-08,
,pm10,2014-01-04,09:00:00,4.03931e-08,
,u10,2014-01-04,09:00:00,-8.54087,
,v10,2014-01-04,09:00:00,-4.40942,
,t2m,2014-01-04,09:00:00,288.395,
,d2m,2014-01-04,09:00:00,282.65,
,pm1,2014-01-04,12:00:00,1.51389e-08,
,pm2p5,2014-01-04,12:00:00,2.45279e-08,
,pm10,2014-01-04,12:00:00,3.27299e-08,
,u10,2014-01-04,12:00:00,-6.99724,
,v10,2014-01-04,12:00:00,-4.15694,
,t2m,2014-01-04,12:00:00,287.359,
,d2m,2014-01-04,12:00:00,283.172,
,pm1,2014-01-04,15:00:00,1.2105e-08,
,pm2p5,2014-01-04,15:00:00,1.91373e-08,
,pm10,2014-01-04,15:00:00,2.5594e-08,
,u10,2014-01-04,15:00:00,-7.02741,
,v10,2014-01-04,15:00:00,-4.14416,
,t2m,2014-01-04,15:00:00,288.913,
,d2m,2014-01-04,15:00:00,283.125,
,pm1,2014-01-04,18:00:00,9.69663e-09,
,pm2p5,2014-01-04,18:00:00,1.47888e-08,
,pm10,2014-01-04,18:00:00,2.00412e-08,
,u10,2014-01-04,18:00:00,-7.1011,
,v10,2014-01-04,18:00:00,-4.17116,
,t2m,2014-01-04,18:00:00,289.696,
,d2m,2014-01-04,18:00:00,281.978,
,pm1,2014-01-04,21:00:00,8.03628e-09,
,pm2p5,2014-01-04,21:00:00,1.22492e-08,
,pm10,2014-01-04,21:00:00,1.70583e-08,
,u10,2014-01-04,21:00:00,-7.27941,
,v10,2014-01-04,21:00:00,-4.41664,
,t2m,2014-01-04,21:00:00,289.776,
,d2m,2014-01-04,21:00:00,281.599,
,pm1,2014-01-05,00:00:00,8.29718e-09,
,pm2p5,2014-01-05,00:00:00,1.29221e-08,
,pm10,2014-01-05,00:00:00,1.7823e-08,
,u10,2014-01-05,00:00:00,-6.47643,
,v10,2014-01-05,00:00:00,-5.32949,
,t2m,2014-01-05,00:00:00,289.965,
,d2m,2014-01-05,00:00:00,280.956,
,pm1,2014-01-05,03:00:00,8.11966e-09,
,pm2p5,2014-01-05,03:00:00,1.29074e-08,
,pm10,2014-01-05,03:00:00,1.77178e-08,
,u10,2014-01-05,03:00:00,-6.34561,
,v10,2014-01-05,03:00:00,-5.21963,
,t2m,2014-01-05,03:00:00,288.929,
,d2m,2014-01-05,03:00:00,280.536,
,pm1,2014-01-05,06:00:00,9.00409e-09,
,pm2p5,2014-01-05,06:00:00,1.40807e-08,
,pm10,2014-01-05,06:00:00,1.92227e-08,
,u10,2014-01-05,06:00:00,-6.36589,
,v10,2014-01-05,06:00:00,-4.42241,
,t2m,2014-01-05,06:00:00,288.691,
,d2m,2014-01-05,06:00:00,280.476,
,pm1,2014-01-05,09:00:00,1.03788e-08,
,pm2p5,2014-01-05,09:00:00,1.57222e-08,
,pm10,2014-01-05,09:00:00,2.12793e-08,
,u10,2014-01-05,09:00:00,-5.63389,
,v10,2014-01-05,09:00:00,-3.91311,
,t2m,2014-01-05,09:00:00,289.28,
,d2m,2014-01-05,09:00:00,283.455,
,pm1,2014-01-05,12:00:00,1.68068e-08,
,pm2p5,2014-01-05,12:00:00,2.47248e-08,
,pm10,2014-01-05,12:00:00,3.2889e-08,
,u10,2014-01-05,12:00:00,-3.50193,
,v10,2014-01-05,12:00:00,-3.20534,
,t2m,2014-01-05,12:00:00,288.777,
,d2m,2014-01-05,12:00:00,283.821,
,pm1,2014-01-05,15:00:00,1.58629e-08,
,pm2p5,2014-01-05,15:00:00,2.26729e-08,
,pm10,2014-01-05,15:00:00,3.00395e-08,
,u10,2014-01-05,15:00:00,-2.77883,
,v10,2014-01-05,15:00:00,-0.997919,
,t2m,2014-01-05,15:00:00,287.897,
,d2m,2014-01-05,15:00:00,282.451,
,pm1,2014-01-05,18:00:00,1.42568e-08,
,pm2p5,2014-01-05,18:00:00,2.01657e-08,
,pm10,2014-01-05,18:00:00,2.71027e-08,
,u10,2014-01-05,18:00:00,-1.14666,
,v10,2014-01-05,18:00:00,-0.229135,
,t2m,2014-01-05,18:00:00,288.015,
,d2m,2014-01-05,18:00:00,281.912,
,pm1,2014-01-05,21:00:00,1.35304e-08,
,pm2p5,2014-01-05,21:00:00,1.88601e-08,
,pm10,2014-01-05,21:00:00,2.52719e-08,
,u10,2014-01-05,21:00:00,-0.265542,
,v10,2014-01-05,21:00:00,-1.00204,
,t2m,2014-01-05,21:00:00,288.418,
,d2m,2014-01-05,21:00:00,282.112,
,pm1,2014-01-06,00:00:00,7.40318e-09,
,pm2p5,2014-01-06,00:00:00,1.03845e-08,
,pm10,2014-01-06,00:00:00,1.38637e-08,
,u10,2014-01-06,00:00:00,-0.13571,
,v10,2014-01-06,00:00:00,-2.31536,
,t2m,2014-01-06,00:00:00,287.983,
,d2m,2014-01-06,00:00:00,281.991,
,pm1,2014-01-06,03:00:00,7.5823e-09,
,pm2p5,2014-01-06,03:00:00,1.06381e-08,
,pm10,2014-01-06,03:00:00,1.42024e-08,
,u10,2014-01-06,03:00:00,-0.360257,
,v10,2014-01-06,03:00:00,-1.97879,
,t2m,2014-01-06,03:00:00,286.951,
,d2m,2014-01-06,03:00:00,280.969,
,pm1,2014-01-06,06:00:00,7.62897e-09,
,pm2p5,2014-01-06,06:00:00,1.04756e-08,
,pm10,2014-01-06,06:00:00,1.37701e-08,
,u10,2014-01-06,06:00:00,-0.139914,
,v10,2014-01-06,06:00:00,-1.24195,
,t2m,2014-01-06,06:00:00,288.691,
,d2m,2014-01-06,06:00:00,281.926,
,pm1,2014-01-06,09:00:00,8.36181e-09,
,pm2p5,2014-01-06,09:00:00,1.10984e-08,
,pm10,2014-01-06,09:00:00,1.46656e-08,
,u10,2014-01-06,09:00:00,-1.09844,
,v10,2014-01-06,09:00:00,-0.275509,
,t2m,2014-01-06,09:00:00,289.587,
,d2m,2014-01-06,09:00:00,285.726,
,pm1,2014-01-06,12:00:00,7.42632e-09,
,pm2p5,2014-01-06,12:00:00,9.38843e-09,
,pm10,2014-01-06,12:00:00,1.27809e-08,
,u10,2014-01-06,12:00:00,-0.384492,
,v10,2014-01-06,12:00:00,1.46631,
,t2m,2014-01-06,12:00:00,289.141,
,d2m,2014-01-06,12:00:00,285.359,
,pm1,2014-01-06,15:00:00,9.48241e-09,
,pm2p5,2014-01-06,15:00:00,1.17507e-08,
,pm10,2014-01-06,15:00:00,1.60512e-08,
,u10,2014-01-06,15:00:00,1.21058,
,v10,2014-01-06,15:00:00,2.32475,
,t2m,2014-01-06,15:00:00,288.34,
,d2m,2014-01-06,15:00:00,286.085,
,pm1,2014-01-06,18:00:00,1.0512e-08,
,pm2p5,2014-01-06,18:00:00,1.29397e-08,
,pm10,2014-01-06,18:00:00,1.76806e-08,
,u10,2014-01-06,18:00:00,2.11717,
,v10,2014-01-06,18:00:00,2.04692,
,t2m,2014-01-06,18:00:00,288.632,
,d2m,2014-01-06,18:00:00,285.132,
,pm1,2014-01-06,21:00:00,9.07829e-09,
,pm2p5,2014-01-06,21:00:00,1.1165e-08,
,pm10,2014-01-06,21:00:00,1.52031e-08,
,u10,2014-01-06,21:00:00,2.33752,
,v10,2014-01-06,21:00:00,1.49146,
,t2m,2014-01-06,21:00:00,288.061,
,d2m,2014-01-06,21:00:00,284.331,
,pm1,2014-01-07,00:00:00,6.71217e-10,
,pm2p5,2014-01-07,00:00:00,8.27551e-10,
,pm10,2014-01-07,00:00:00,1.14429e-09,
,u10,2014-01-07,00:00:00,1.46653,
,v10,2014-01-07,00:00:00,-0.165035,
,t2m,2014-01-07,00:00:00,287.442,
,d2m,2014-01-07,00:00:00,284.702,
,pm1,2014-01-07,03:00:00,1.11642e-09,
,pm2p5,2014-01-07,03:00:00,1.40637e-09,
,pm10,2014-01-07,03:00:00,1.92178e-09,
,u10,2014-01-07,03:00:00,-0.252435,
,v10,2014-01-07,03:00:00,0.376824,
,t2m,2014-01-07,03:00:00,287.29,
,d2m,2014-01-07,03:00:00,283.864,
,pm1,2014-01-07,06:00:00,1.31549e-09,
,pm2p5,2014-01-07,06:00:00,1.66983e-09,
,pm10,2014-01-07,06:00:00,2.27716e-09,
,u10,2014-01-07,06:00:00,-0.836058,
,v10,2014-01-07,06:00:00,1.44735,
,t2m,2014-01-07,06:00:00,287.672,
,d2m,2014-01-07,06:00:00,284.249,
,pm1,2014-01-07,09:00:00,1.5716e-09,
,pm2p5,2014-01-07,09:00:00,1.99793e-09,
,pm10,2014-01-07,09:00:00,2.73262e-09,
,u10,2014-01-07,09:00:00,-0.365697,
,v10,2014-01-07,09:00:00,0.906316,
,t2m,2014-01-07,09:00:00,289.624,
,d2m,2014-01-07,09:00:00,285.991,
,pm1,2014-01-07,12:00:00,7.37924e-09,
,pm2p5,2014-01-07,12:00:00,8.886e-09,
,pm10,2014-01-07,12:00:00,1.24191e-08,
,u10,2014-01-07,12:00:00,-0.505915,
,v10,2014-01-07,12:00:00,-0.00159106,
,t2m,2014-01-07,12:00:00,286.897,
,d2m,2014-01-07,12:00:00,285.189,
,pm1,2014-01-07,15:00:00,6.50758e-09,
,pm2p5,2014-01-07,15:00:00,7.79789e-09,
,pm10,2014-01-07,15:00:00,1.08102e-08,
,u10,2014-01-07,15:00:00,-0.876862,
,v10,2014-01-07,15:00:00,0.383625,
,t2m,2014-01-07,15:00:00,286.311,
,d2m,2014-01-07,15:00:00,284.811,
,pm1,2014-01-07,18:00:00,5.90719e-09,
,pm2p5,2014-01-07,18:00:00,7.11134e-09,
,pm10,2014-01-07,18:00:00,9.88392e-09,
,u10,2014-01-07,18:00:00,-1.10215,
,v10,2014-01-07,18:00:00,0.0138671,
,t2m,2014-01-07,18:00:00,286.141,
,d2m,2014-01-07,18:00:00,284.218,
,pm1,2014-01-07,21:00:00,5.24177e-09,
,pm2p5,2014-01-07,21:00:00,6.44535e-09,
,pm10,2014-01-07,21:00:00,8.90758e-09,
,u10,2014-01-07,21:00:00,-1.79137,
,v10,2014-01-07,21:00:00,-1.70631,
,t2m,2014-01-07,21:00:00,285.313,
,d2m,2014-01-07,21:00:00,282.118,
,pm1,2014-01-08,00:00:00,5.04669e-09,
,pm2p5,2014-01-08,00:00:00,6.12607e-09,
,pm10,2014-01-08,00:00:00,8.48804e-09,
,u10,2014-01-08,00:00:00,-1.84528,
,v10,2014-01-08,00:00:00,-4.22125,
,t2m,2014-01-08,00:00:00,287.883,
,d2m,2014-01-08,00:00:00,282.939,
,pm1,2014-01-08,03:00:00,2.95988e-09,
,pm2p5,2014-01-08,03:00:00,3.73733e-09,
,pm10,2014-01-08,03:00:00,5.13948e-09,
,u10,2014-01-08,03:00:00,-2.95046,
,v10,2014-01-08,03:00:00,-4.40613,
,t2m,2014-01-08,03:00:00,287.101,
,d2m,2014-01-08,03:00:00,279.339,
,pm1,2014-01-08,06:00:00,2.02678e-09,
,pm2p5,2014-01-08,06:00:00,2.52288e-09,
,pm10,2014-01-08,06:00:00,3.52165e-09,
,u10,2014-01-08,06:00:00,-3.66515,
,v10,2014-01-08,06:00:00,-3.93043,
,t2m,2014-01-08,06:00:00,287.057,
,d2m,2014-01-08,06:00:00,277.873,
,pm1,2014-01-08,09:00:00,2.42931e-09,
,pm2p5,2014-01-08,09:00:00,2.99789e-09,
,pm10,2014-01-08,09:00:00,4.2414e-09,
,u10,2014-01-08,09:00:00,-4.41248,
,v10,2014-01-08,09:00:00,-3.71772,
,t2m,2014-01-08,09:00:00,289.168,
,d2m,2014-01-08,09:00:00,283.54,
,pm1,2014-01-08,12:00:00,8.90954e-09,
,pm2p5,2014-01-08,12:00:00,1.07743e-08,
,pm10,2014-01-08,12:00:00,1.51043e-08,
,u10,2014-01-08,12:00:00,-3.56375,
,v10,2014-01-08,12:00:00,-2.47262,
,t2m,2014-01-08,12:00:00,288.663,
,d2m,2014-01-08,12:00:00,285.315,
,pm1,2014-01-08,15:00:00,9.83466e-09,
,pm2p5,2014-01-08,15:00:00,1.18075e-08,
,pm10,2014-01-08,15:00:00,1.65734e-08,
,u10,2014-01-08,15:00:00,-4.31653,
,v10,2014-01-08,15:00:00,-1.48969,
,t2m,2014-01-08,15:00:00,288.964,
,d2m,2014-01-08,15:00:00,285.169,
,pm1,2014-01-08,18:00:00,9.61725e-09,
,pm2p5,2014-01-08,18:00:00,1.15764e-08,
,pm10,2014-01-08,18:00:00,1.62873e-08,
,u10,2014-01-08,18:00:00,-4.93824,
,v10,2014-01-08,18:00:00,-1.89449,
,t2m,2014-01-08,18:00:00,289.522,
,d2m,2014-01-08,18:00:00,282.887,
,pm1,2014-01-08,21:00:00,9.54863e-09,
,pm2p5,2014-01-08,21:00:00,1.17723e-08,
,pm10,2014-01-08,21:00:00,1.68069e-08,
,u10,2014-01-08,21:00:00,-6.32286,
,v10,2014-01-08,21:00:00,-2.96419,
,t2m,2014-01-08,21:00:00,289.726,
,d2m,2014-01-08,21:00:00,281.109,
,pm1,2014-01-09,00:00:00,1.49705e-08,
,pm2p5,2014-01-09,00:00:00,1.99159e-08,
,pm10,2014-01-09,00:00:00,2.89823e-08,
,u10,2014-01-09,00:00:00,-7.20942,
,v10,2014-01-09,00:00:00,-2.97635,
,t2m,2014-01-09,00:00:00,290.367,
,d2m,2014-01-09,00:00:00,281.924,
,pm1,2014-01-09,03:00:00,1.60612e-08,
,pm2p5,2014-01-09,03:00:00,2.29677e-08,
,pm10,2014-01-09,03:00:00,3.28864e-08,
,u10,2014-01-09,03:00:00,-7.89073,
,v10,2014-01-09,03:00:00,-4.17157,
,t2m,2014-01-09,03:00:00,290.273,
,d2m,2014-01-09,03:00:00,281.846,
,pm1,2014-01-09,06:00:00,1.44304e-08,
,pm2p5,2014-01-09,06:00:00,2.1338e-08,
,pm10,2014-01-09,06:00:00,3.05347e-08,
,u10,2014-01-09,06:00:00,-8.8312,
,v10,2014-01-09,06:00:00,-5.25818,
,t2m,2014-01-09,06:00:00,289.729,
,d2m,2014-01-09,06:00:00,280.992,
,pm1,2014-01-09,09:00:00,9.44411e-09,
,pm2p5,2014-01-09,09:00:00,1.49347e-08,
,pm10,2014-01-09,09:00:00,2.1949e-08,
,u10,2014-01-09,09:00:00,-9.57755,
,v10,2014-01-09,09:00:00,-5.47542,
,t2m,2014-01-09,09:00:00,288.905,
,d2m,2014-01-09,09:00:00,281.18,
,pm1,2014-01-09,12:00:00,5.49509e-09,
,pm2p5,2014-01-09,12:00:00,7.83413e-09,
,pm10,2014-01-09,12:00:00,1.12965e-08,
,u10,2014-01-09,12:00:00,-8.27725,
,v10,2014-01-09,12:00:00,-3.77667,
,t2m,2014-01-09,12:00:00,288.692,
,d2m,2014-01-09,12:00:00,282.091,
,pm1,2014-01-09,15:00:00,6.56702e-09,
,pm2p5,2014-01-09,15:00:00,8.6294e-09,
,pm10,2014-01-09,15:00:00,1.23973e-08,
,u10,2014-01-09,15:00:00,-8.02674,
,v10,2014-01-09,15:00:00,-3.93166,
,t2m,2014-01-09,15:00:00,288.849,
,d2m,2014-01-09,15:00:00,281.053,
,pm1,2014-01-09,18:00:00,6.35319e-09,
,pm2p5,2014-01-09,18:00:00,9.61663e-09,
,pm10,2014-01-09,18:00:00,1.53545e-08,
,u10,2014-01-09,18:00:00,-7.36794,
,v10,2014-01-09,18:00:00,-4.45353,
,t2m,2014-01-09,18:00:00,289.549,
,d2m,2014-01-09,18:00:00,280.099,
,pm1,2014-01-09,21:00:00,6.13976e-09,
,pm2p5,2014-01-09,21:00:00,1.2261e-08,
,pm10,2014-01-09,21:00:00,2.09791e-08,
,u10,2014-01-09,21:00:00,-7.56058,
,v10,2014-01-09,21:00:00,-4.93562,
,t2m,2014-01-09,21:00:00,289.337,
,d2m,2014-01-09,21:00:00,279.732,
,pm1,2014-01-10,00:00:00,2.29407e-09,
,pm2p5,2014-01-10,00:00:00,5.68338e-09,
,pm10,2014-01-10,00:00:00,9.27836e-09,
,u10,2014-01-10,00:00:00,-6.48978,
,v10,2014-01-10,00:00:00,-5.16646,
,t2m,2014-01-10,00:00:00,289.107,
,d2m,2014-01-10,00:00:00,279.143,
,pm1,2014-01-10,03:00:00,1.92984e-09,
,pm2p5,2014-01-10,03:00:00,4.43955e-09,
,pm10,2014-01-10,03:00:00,6.88561e-09,
,u10,2014-01-10,03:00:00,-5.69596,
,v10,2014-01-10,03:00:00,-5.35979,
,t2m,2014-01-10,03:00:00,287.711,
,d2m,2014-01-10,03:00:00,278.698,
,pm1,2014-01-10,06:00:00,2.00085e-09,
,pm2p5,2014-01-10,06:00:00,3.53655e-09,
,pm10,2014-01-10,06:00:00,5.31653e-09,
,u10,2014-01-10,06:00:00,-4.90559,
,v10,2014-01-10,06:00:00,-5.45934,
,t2m,2014-01-10,06:00:00,287.654,
,d2m,2014-01-10,06:00:00,277.75,
,pm1,2014-01-10,09:00:00,3.06799e-09,
,pm2p5,2014-01-10,09:00:00,4.22115e-09,
,pm10,2014-01-10,09:00:00,6.1556e-09,
,u10,2014-01-10,09:00:00,-4.39542,
,v10,2014-01-10,09:00:00,-5.29404,
,t2m,2014-01-10,09:00:00,288.847,
,d2m,2014-01-10,09:00:00,280.981,
,pm1,2014-01-10,12:00:00,1.98849e-09,
,pm2p5,2014-01-10,12:00:00,2.44257e-09,
,pm10,2014-01-10,12:00:00,3.5024e-09,
,u10,2014-01-10,12:00:00,-2.20559,
,v10,2014-01-10,12:00:00,-3.17813,
,t2m,2014-01-10,12:00:00,288.347,
,d2m,2014-01-10,12:00:00,282.044,
,pm1,2014-01-10,15:00:00,2.80869e-09,
,pm2p5,2014-01-10,15:00:00,3.30738e-09,
,pm10,2014-01-10,15:00:00,4.68659e-09,
,u10,2014-01-10,15:00:00,-0.51284,
,v10,2014-01-10,15:00:00,-1.86563,
,t2m,2014-01-10,15:00:00,288.232,
,d2m,2014-01-10,15:00:00,281.419,
,pm1,2014-01-10,18:00:00,2.81946e-09,
,pm2p5,2014-01-10,18:00:00,3.31619e-09,
,pm10,2014-01-10,18:00:00,4.70198e-09,
,u10,2014-01-10,18:00:00,2.08824,
,v10,2014-01-10,18:00:00,-1.43528,
,t2m,2014-01-10,18:00:00,288.101,
,d2m,2014-01-10,18:00:00,280.019,
,pm1,2014-01-10,21:00:00,2.2442e-09,
,pm2p5,2014-01-10,21:00:00,2.69134e-09,
,pm10,2014-01-10,21:00:00,3.84496e-09,
,u10,2014-01-10,21:00:00,3.59552,
,v10,2014-01-10,21:00:00,-1.74527,
,t2m,2014-01-10,21:00:00,288.245,
,d2m,2014-01-10,21:00:00,279.761,
,pm1,2014-01-11,00:00:00,1.35539e-08,
,pm2p5,2014-01-11,00:00:00,1.63118e-08,
,pm10,2014-01-11,00:00:00,2.31627e-08,
,u10,2014-01-11,00:00:00,3.06012,
,v10,2014-01-11,00:00:00,-2.47798,
,t2m,2014-01-11,00:00:00,287.995,
,d2m,2014-01-11,00:00:00,281.036,
,pm1,2014-01-11,03:00:00,1.26926e-08,
,pm2p5,2014-01-11,03:00:00,1.52256e-08,
,pm10,2014-01-11,03:00:00,2.14872e-08,
,u10,2014-01-11,03:00:00,2.19631,
,v10,2014-01-11,03:00:00,-0.379181,
,t2m,2014-01-11,03:00:00,288.782,
,d2m,2014-01-11,03:00:00,281.976,
,pm1,2014-01-11,06:00:00,1.14152e-08,
,pm2p5,2014-01-11,06:00:00,1.36605e-08,
,pm10,2014-01-11,06:00:00,1.92073e-08,
,u10,2014-01-11,06:00:00,2.72404,
,v10,2014-01-11,06:00:00,1.78083,
,t2m,2014-01-11,06:00:00,287.736,
,d2m,2014-01-11,06:00:00,282.636,
,pm1,2014-01-11,09:00:00,1.12573e-08,
,pm2p5,2014-01-11,09:00:00,1.3544e-08,
,pm10,2014-01-11,09:00:00,1.90341e-08,
,u10,2014-01-11,09:00:00,3.47632,
,v10,2014-01-11,09:00:00,2.0395,
,t2m,2014-01-11,09:00:00,288.465,
,d2m,2014-01-11,09:00:00,284.761,
,pm1,2014-01-11,12:00:00,7.70677e-09,
,pm2p5,2014-01-11,12:00:00,9.15631e-09,
,pm10,2014-01-11,12:00:00,1.2786e-08,
,u10,2014-01-11,12:00:00,3.40238,
,v10,2014-01-11,12:00:00,2.05372,
,t2m,2014-01-11,12:00:00,289.296,
,d2m,2014-01-11,12:00:00,286.188,
,pm1,2014-01-11,15:00:00,9.35276e-09,
,pm2p5,2014-01-11,15:00:00,1.12189e-08,
,pm10,2014-01-11,15:00:00,1.56214e-08,
,u10,2014-01-11,15:00:00,3.90217,
,v10,2014-01-11,15:00:00,2.09783,
,t2m,2014-01-11,15:00:00,288.441,
,d2m,2014-01-11,15:00:00,285.611,
,pm1,2014-01-11,18:00:00,9.54783e-09,
,pm2p5,2014-01-11,18:00:00,1.16959e-08,
,pm10,2014-01-11,18:00:00,1.62372e-08,
,u10,2014-01-11,18:00:00,4.94033,
,v10,2014-01-11,18:00:00,2.40452,
,t2m,2014-01-11,18:00:00,289.323,
,d2m,2014-01-11,18:00:00,285.439,
,pm1,2014-01-11,21:00:00,8.33787e-09,
,pm2p5,2014-01-11,21:00:00,1.04266e-08,
,pm10,2014-01-11,21:00:00,1.44629e-08,
,u10,2014-01-11,21:00:00,5.42107,
,v10,2014-01-11,21:00:00,2.52427,
,t2m,2014-01-11,21:00:00,288.044,
,d2m,2014-01-11,21:00:00,284.398,
,pm1,2014-01-12,00:00:00,5.95819e-10,
,pm2p5,2014-01-12,00:00:00,7.36468e-10,
,pm10,2014-01-12,00:00:00,1.016e-09,
,u10,2014-01-12,00:00:00,4.69946,
,v10,2014-01-12,00:00:00,1.85524,
,t2m,2014-01-12,00:00:00,290.05,
,d2m,2014-01-12,00:00:00,285.43,
,pm1,2014-01-12,03:00:00,2.78669e-10,
,pm2p5,2014-01-12,03:00:00,3.43731e-10,
,pm10,2014-01-12,03:00:00,4.74581e-10,
,u10,2014-01-12,03:00:00,4.04882,
,v10,2014-01-12,03:00:00,2.03084,
,t2m,2014-01-12,03:00:00,289.814,
,d2m,2014-01-12,03:00:00,285.479,
,pm1,2014-01-12,06:00:00,3.91566e-10,
,pm2p5,2014-01-12,06:00:00,4.86722e-10,
,pm10,2014-01-12,06:00:00,6.77291e-10,
,u10,2014-01-12,06:00:00,4.03027,
,v10,2014-01-12,06:00:00,2.70915,
,t2m,2014-01-12,06:00:00,289.187,
,d2m,2014-01-12,06:00:00,285.638,
,pm1,2014-01-12,09:00:00,1.22374e-09,
,pm2p5,2014-01-12,09:00:00,1.48374e-09,
,pm10,2014-01-12,09:00:00,2.08343e-09,
,u10,2014-01-12,09:00:00,3.76888,
,v10,2014-01-12,09:00:00,2.53725,
,t2m,2014-01-12,09:00:00,289.134,
,d2m,2014-01-12,09:00:00,286.557,
,pm1,2014-01-12,12:00:00,9.32244e-09,
,pm2p5,2014-01-12,12:00:00,1.11317e-08,
,pm10,2014-01-12,12:00:00,1.5597e-08,
,u10,2014-01-12,12:00:00,3.27527,
,v10,2014-01-12,12:00:00,1.1722,
,t2m,2014-01-12,12:00:00,288.541,
,d2m,2014-01-12,12:00:00,287.466,
,pm1,2014-01-12,15:00:00,7.89267e-09,
,pm2p5,2014-01-12,15:00:00,9.50987e-09,
,pm10,2014-01-12,15:00:00,1.33069e-08,
,u10,2014-01-12,15:00:00,3.35713,
,v10,2014-01-12,15:00:00,1.02648,
,t2m,2014-01-12,15:00:00,288.225,
,d2m,2014-01-12,15:00:00,286.681,
,pm1,2014-01-12,18:00:00,6.871e-09,
,pm2p5,2014-01-12,18:00:00,8.43352e-09,
,pm10,2014-01-12,18:00:00,1.18071e-08,
,u10,2014-01-12,18:00:00,3.60393,
,v10,2014-01-12,18:00:00,1.45044,
,t2m,2014-01-12,18:00:00,288.653,
,d2m,2014-01-12,18:00:00,286.267,
,pm1,2014-01-12,21:00:00,5.32874e-09,
,pm2p5,2014-01-12,21:00:00,6.62752e-09,
,pm10,2014-01-12,21:00:00,9.2976e-09,
,u10,2014-01-12,21:00:00,3.6618,
,v10,2014-01-12,21:00:00,1.7054,
,t2m,2014-01-12,21:00:00,288.146,
,d2m,2014-01-12,21:00:00,285.23,
,pm1,2014-01-13,00:00:00,1.13107e-08,
,pm2p5,2014-01-13,00:00:00,1.40856e-08,
,pm10,2014-01-13,00:00:00,1.96987e-08,
,u10,2014-01-13,00:00:00,3.67367,
,v10,2014-01-13,00:00:00,0.859117,
,t2m,2014-01-13,00:00:00,289.196,
,d2m,2014-01-13,00:00:00,285.765,
,pm1,2014-01-13,03:00:00,1.06533e-08,
,pm2p5,2014-01-13,03:00:00,1.34294e-08,
,pm10,2014-01-13,03:00:00,1.8875e-08,
,u10,2014-01-13,03:00:00,3.84776,
,v10,2014-01-13,03:00:00,1.06481,
,t2m,2014-01-13,03:00:00,287.807,
,d2m,2014-01-13,03:00:00,284.74,
,pm1,2014-01-13,06:00:00,1.05476e-08,
,pm2p5,2014-01-13,06:00:00,1.3306e-08,
,pm10,2014-01-13,06:00:00,1.87044e-08,
,u10,2014-01-13,06:00:00,3.87892,
,v10,2014-01-13,06:00:00,1.34224,
,t2m,2014-01-13,06:00:00,287.73,
,d2m,2014-01-13,06:00:00,284.774,
,pm1,2014-01-13,09:00:00,1.11196e-08,
,pm2p5,2014-01-13,09:00:00,1.37311e-08,
,pm10,2014-01-13,09:00:00,1.91021e-08,
,u10,2014-01-13,09:00:00,3.33561,
,v10,2014-01-13,09:00:00,1.21094,
,t2m,2014-01-13,09:00:00,288.99,
,d2m,2014-01-13,09:00:00,287.257,
,pm1,2014-01-13,12:00:00,9.69145e-09,
,pm2p5,2014-01-13,12:00:00,1.18232e-08,
,pm10,2014-01-13,12:00:00,1.64592e-08,
,u10,2014-01-13,12:00:00,3.07867,
,v10,2014-01-13,12:00:00,1.31771,
,t2m,2014-01-13,12:00:00,288.603,
,d2m,2014-01-13,12:00:00,287.687,
,pm1,2014-01-13,15:00:00,9.69863e-09,
,pm2p5,2014-01-13,15:00:00,1.16714e-08,
,pm10,2014-01-13,15:00:00,1.62359e-08,
,u10,2014-01-13,15:00:00,2.45399,
,v10,2014-01-13,15:00:00,1.17075,
,t2m,2014-01-13,15:00:00,287.637,
,d2m,2014-01-13,15:00:00,287.023,
,pm1,2014-01-13,18:00:00,8.67138e-09,
,pm2p5,2014-01-13,18:00:00,1.0406e-08,
,pm10,2014-01-13,18:00:00,1.44616e-08,
,u10,2014-01-13,18:00:00,2.58803,
,v10,2014-01-13,18:00:00,1.61966,
,t2m,2014-01-13,18:00:00,288.038,
,d2m,2014-01-13,18:00:00,286.685,
,pm1,2014-01-13,21:00:00,7.66927e-09,
,pm2p5,2014-01-13,21:00:00,9.27384e-09,
,pm10,2014-01-13,21:00:00,1.2904e-08,
,u10,2014-01-13,21:00:00,2.43025,
,v10,2014-01-13,21:00:00,0.993912,
,t2m,2014-01-13,21:00:00,288.756,
,d2m,2014-01-13,21:00:00,286.184,
,pm1,2014-01-14,00:00:00,7.02539e-09,
,pm2p5,2014-01-14,00:00:00,8.57945e-09,
,pm10,2014-01-14,00:00:00,1.19931e-08,
,u10,2014-01-14,00:00:00,-0.407491,
,v10,2014-01-14,00:00:00,-0.499136,
,t2m,2014-01-14,00:00:00,288.169,
,d2m,2014-01-14,00:00:00,285.051,
,pm1,2014-01-14,03:00:00,7.97924e-09,
,pm2p5,2014-01-14,03:00:00,9.71848e-09,
,pm10,2014-01-14,03:00:00,1.36469e-08,
,u10,2014-01-14,03:00:00,-2.71676,
,v10,2014-01-14,03:00:00,-1.17167,
,t2m,2014-01-14,03:00:00,288.521,
,d2m,2014-01-14,03:00:00,285.368,
,pm1,2014-01-14,06:00:00,1.08208e-08,
,pm2p5,2014-01-14,06:00:00,1.30102e-08,
,pm10,2014-01-14,06:00:00,1.8281e-08,
,u10,2014-01-14,06:00:00,-4.08753,
,v10,2014-01-14,06:00:00,-2.16037,
,t2m,2014-01-14,06:00:00,289.041,
,d2m,2014-01-14,06:00:00,284.178,
,pm1,2014-01-14,09:00:00,1.31219e-08,
,pm2p5,2014-01-14,09:00:00,1.60307e-08,
,pm10,2014-01-14,09:00:00,2.27573e-08,
,u10,2014-01-14,09:00:00,-4.96198,
,v10,2014-01-14,09:00:00,-3.41887,
,t2m,2014-01-14,09:00:00,288.019,
,d2m,2014-01-14,09:00:00,286.876,
,pm1,2014-01-14,12:00:00,1.22275e-08,
,pm2p5,2014-01-14,12:00:00,1.50072e-08,
,pm10,2014-01-14,12:00:00,2.13486e-08,
,u10,2014-01-14,12:00:00,-4.8497,
,v10,2014-01-14,12:00:00,-3.69382,
,t2m,2014-01-14,12:00:00,287.044,
,d2m,2014-01-14,12:00:00,285.838,
,pm1,2014-01-14,15:00:00,1.2154e-08,
,pm2p5,2014-01-14,15:00:00,1.49592e-08,
,pm10,2014-01-14,15:00:00,2.1305e-08,
,u10,2014-01-14,15:00:00,-4.80049,
,v10,2014-01-14,15:00:00,-3.33745,
,t2m,2014-01-14,15:00:00,287.185,
,d2m,2014-01-14,15:00:00,284.952,
,pm1,2014-01-14,18:00:00,1.15289e-08,
,pm2p5,2014-01-14,18:00:00,1.40836e-08,
,pm10,2014-01-14,18:00:00,2.00169e-08,
,u10,2014-01-14,18:00:00,-3.84691,
,v10,2014-01-14,18:00:00,-3.75936,
,t2m,2014-01-14,18:00:00,288.267,
,d2m,2014-01-14,18:00:00,284.494,
,pm1,2014-01-14,21:00:00,1.09549e-08,
,pm2p5,2014-01-14,21:00:00,1.35988e-08,
,pm10,2014-01-14,21:00:00,1.94844e-08,
,u10,2014-01-14,21:00:00,-3.77544,
,v10,2014-01-14,21:00:00,-4.62378,
,t2m,2014-01-14,21:00:00,289.709,
,d2m,2014-01-14,21:00:00,284.035,
,pm1,2014-01-15,00:00:00,1.08763e-08,
,pm2p5,2014-01-15,00:00:00,1.42492e-08,
,pm10,2014-01-15,00:00:00,2.07674e-08,
,u10,2014-01-15,00:00:00,-3.97748,
,v10,2014-01-15,00:00:00,-4.78021,
,t2m,2014-01-15,00:00:00,288.865,
,d2m,2014-01-15,00:00:00,283.527,
,pm1,2014-01-15,03:00:00,1.12154e-08,
,pm2p5,2014-01-15,03:00:00,1.55988e-08,
,pm10,2014-01-15,03:00:00,2.27457e-08,
,u10,2014-01-15,03:00:00,-4.1365,
,v10,2014-01-15,03:00:00,-4.64748,
,t2m,2014-01-15,03:00:00,287.779,
,d2m,2014-01-15,03:00:00,282.274,
,pm1,2014-01-15,06:00:00,1.24768e-08,
,pm2p5,2014-01-15,06:00:00,1.73715e-08,
,pm10,2014-01-15,06:00:00,2.4955e-08,
,u10,2014-01-15,06:00:00,-3.95696,
,v10,2014-01-15,06:00:00,-4.04214,
,t2m,2014-01-15,06:00:00,287.515,
,d2m,2014-01-15,06:00:00,281.951,
,pm1,2014-01-15,09:00:00,1.38375e-08,
,pm2p5,2014-01-15,09:00:00,1.8675e-08,
,pm10,2014-01-15,09:00:00,2.62444e-08,
,u10,2014-01-15,09:00:00,-4.63554,
,v10,2014-01-15,09:00:00,-3.63755,
,t2m,2014-01-15,09:00:00,288.29,
,d2m,2014-01-15,09:00:00,284.574,
,pm1,2014-01-15,12:00:00,1.26631e-08,
,pm2p5,2014-01-15,12:00:00,1.64783e-08,
,pm10,2014-01-15,12:00:00,2.28471e-08,
,u10,2014-01-15,12:00:00,-3.5828,
,v10,2014-01-15,12:00:00,-2.25332,
,t2m,2014-01-15,12:00:00,287.718,
,d2m,2014-01-15,12:00:00,285.056,
,pm1,2014-01-15,15:00:00,1.22873e-08,
,pm2p5,2014-01-15,15:00:00,1.58573e-08,
,pm10,2014-01-15,15:00:00,2.20055e-08,
,u10,2014-01-15,15:00:00,-3.48635,
,v10,2014-01-15,15:00:00,-1.94004,
,t2m,2014-01-15,15:00:00,287.617,
,d2m,2014-01-15,15:00:00,285.319,
,pm1,2014-01-15,18:00:00,1.05958e-08,
,pm2p5,2014-01-15,18:00:00,1.37105e-08,
,pm10,2014-01-15,18:00:00,1.91855e-08,
,u10,2014-01-15,18:00:00,-4.18274,
,v10,2014-01-15,18:00:00,-3.05076,
,t2m,2014-01-15,18:00:00,288.255,
,d2m,2014-01-15,18:00:00,284.767,
,pm1,2014-01-15,21:00:00,9.0376e-09,
,pm2p5,2014-01-15,21:00:00,1.1644e-08,
,pm10,2014-01-15,21:00:00,1.66773e-08,
,u10,2014-01-15,21:00:00,-6.30357,
,v10,2014-01-15,21:00:00,-3.9836,
,t2m,2014-01-15,21:00:00,289.078,
,d2m,2014-01-15,21:00:00,284.382,
,pm1,2014-01-16,00:00:00,1.08603e-08,
,pm2p5,2014-01-16,00:00:00,1.36361e-08,
,pm10,2014-01-16,00:00:00,1.96512e-08,
,u10,2014-01-16,00:00:00,-6.91612,
,v10,2014-01-16,00:00:00,-3.24285,
,t2m,2014-01-16,00:00:00,288.55,
,d2m,2014-01-16,00:00:00,283.853,
,pm1,2014-01-16,03:00:00,8.42085e-09,
,pm2p5,2014-01-16,03:00:00,1.05941e-08,
,pm10,2014-01-16,03:00:00,1.5384e-08,
,u10,2014-01-16,03:00:00,-6.95322,
,v10,2014-01-16,03:00:00,-3.68701,
,t2m,2014-01-16,03:00:00,288.107,
,d2m,2014-01-16,03:00:00,283.001,
,pm1,2014-01-16,06:00:00,8.08695e-09,
,pm2p5,2014-01-16,06:00:00,1.04374e-08,
,pm10,2014-01-16,06:00:00,1.51954e-08,
,u10,2014-01-16,06:00:00,-7.80664,
,v10,2014-01-16,06:00:00,-4.11036,
,t2m,2014-01-16,06:00:00,288.511,
,d2m,2014-01-16,06:00:00,282.732,
,pm1,2014-01-16,09:00:00,8.99092e-09,
,pm2p5,2014-01-16,09:00:00,1.18026e-08,
,pm10,2014-01-16,09:00:00,1.72251e-08,
,u10,2014-01-16,09:00:00,-8.25104,
,v10,2014-01-16,09:00:00,-4.15612,
,t2m,2014-01-16,09:00:00,287.826,
,d2m,2014-01-16,09:00:00,284.284,
,pm1,2014-01-16,12:00:00,8.82497e-09,
,pm2p5,2014-01-16,12:00:00,1.17488e-08,
,pm10,2014-01-16,12:00:00,1.71058e-08,
,u10,2014-01-16,12:00:00,-7.99237,
,v10,2014-01-16,12:00:00,-3.4943,
,t2m,2014-01-16,12:00:00,286.828,
,d2m,2014-01-16,12:00:00,284.362,
,pm1,2014-01-16,15:00:00,7.93974e-09,
,pm2p5,2014-01-16,15:00:00,1.08967e-08,
,pm10,2014-01-16,15:00:00,1.54418e-08,
,u10,2014-01-16,15:00:00,-6.15074,
,v10,2014-01-16,15:00:00,-3.66517,
,t2m,2014-01-16,15:00:00,288.183,
,d2m,2014-01-16,15:00:00,284.849,
,pm1,2014-01-16,18:00:00,9.63879e-09,
,pm2p5,2014-01-16,18:00:00,1.41316e-08,
,pm10,2014-01-16,18:00:00,1.95434e-08,
,u10,2014-01-16,18:00:00,-6.51155,
,v10,2014-01-16,18:00:00,-4.20455,
,t2m,2014-01-16,18:00:00,289.608,
,d2m,2014-01-16,18:00:00,283.988,
,pm1,2014-01-16,21:00:00,1.25769e-08,
,pm2p5,2014-01-16,21:00:00,2.04144e-08,
,pm10,2014-01-16,21:00:00,2.90195e-08,
,u10,2014-01-16,21:00:00,-6.24397,
,v10,2014-01-16,21:00:00,-4.78413,
,t2m,2014-01-16,21:00:00,289.4,
,d2m,2014-01-16,21:00:00,283.805,
,pm1,2014-01-17,00:00:00,1.30369e-08,
,pm2p5,2014-01-17,00:00:00,2.23096e-08,
,pm10,2014-01-17,00:00:00,3.12018e-08,
,u10,2014-01-17,00:00:00,-5.40983,
,v10,2014-01-17,00:00:00,-4.07017,
,t2m,2014-01-17,00:00:00,288.714,
,d2m,2014-01-17,00:00:00,283.255,
,pm1,2014-01-17,03:00:00,1.24373e-08,
,pm2p5,2014-01-17,03:00:00,2.21029e-08,
,pm10,2014-01-17,03:00:00,3.1139e-08,
,u10,2014-01-17,03:00:00,-5.16921,
,v10,2014-01-17,03:00:00,-4.05203,
,t2m,2014-01-17,03:00:00,288.241,
,d2m,2014-01-17,03:00:00,282.716,
,pm1,2014-01-17,06:00:00,1.1195e-08,
,pm2p5,2014-01-17,06:00:00,1.92862e-08,
,pm10,2014-01-17,06:00:00,2.7267e-08,
,u10,2014-01-17,06:00:00,-4.19337,
,v10,2014-01-17,06:00:00,-3.80264,
,t2m,2014-01-17,06:00:00,288.464,
,d2m,2014-01-17,06:00:00,282.457,
,pm1,2014-01-17,09:00:00,9.90847e-09,
,pm2p5,2014-01-17,09:00:00,1.592e-08,
,pm10,2014-01-17,09:00:00,2.1831e-08,
,u10,2014-01-17,09:00:00,-3.23114,
,v10,2014-01-17,09:00:00,-4.28205,
,t2m,2014-01-17,09:00:00,288.585,
,d2m,2014-01-17,09:00:00,284.556,
,pm1,2014-01-17,12:00:00,7.8815e-09,
,pm2p5,2014-01-17,12:00:00,1.14608e-08,
,pm10,2014-01-17,12:00:00,1.58292e-08,
,u10,2014-01-17,12:00:00,-2.37598,
,v10,2014-01-17,12:00:00,-2.7925,
,t2m,2014-01-17,12:00:00,287.724,
,d2m,2014-01-17,12:00:00,285.034,
,pm1,2014-01-17,15:00:00,8.68973e-09,
,pm2p5,2014-01-17,15:00:00,1.20994e-08,
,pm10,2014-01-17,15:00:00,1.63629e-08,
,u10,2014-01-17,15:00:00,-0.409717,
,v10,2014-01-17,15:00:00,-1.16878,
,t2m,2014-01-17,15:00:00,287.3,
,d2m,2014-01-17,15:00:00,285.333,
,pm1,2014-01-17,18:00:00,8.16673e-09,
,pm2p5,2014-01-17,18:00:00,1.09868e-08,
,pm10,2014-01-17,18:00:00,1.49594e-08,
,u10,2014-01-17,18:00:00,1.26746,
,v10,2014-01-17,18:00:00,-0.919597,
,t2m,2014-01-17,18:00:00,287.572,
,d2m,2014-01-17,18:00:00,284.866,
,pm1,2014-01-17,21:00:00,8.34466e-09,
,pm2p5,2014-01-17,21:00:00,1.17448e-08,
,pm10,2014-01-17,21:00:00,1.69852e-08,
,u10,2014-01-17,21:00:00,2.17405,
,v10,2014-01-17,21:00:00,-1.50742,
,t2m,2014-01-17,21:00:00,288.397,
,d2m,2014-01-17,21:00:00,285.022,
,pm1,2014-01-18,00:00:00,1.08886e-08,
,pm2p5,2014-01-18,00:00:00,1.58593e-08,
,pm10,2014-01-18,00:00:00,2.15872e-08,
,u10,2014-01-18,00:00:00,3.35465,
,v10,2014-01-18,00:00:00,-1.15703,
,t2m,2014-01-18,00:00:00,288.485,
,d2m,2014-01-18,00:00:00,284.144,
,pm1,2014-01-18,03:00:00,1.05288e-08,
,pm2p5,2014-01-18,03:00:00,1.54754e-08,
,pm10,2014-01-18,03:00:00,2.05185e-08,
,u10,2014-01-18,03:00:00,3.09796,
,v10,2014-01-18,03:00:00,-0.795314,
,t2m,2014-01-18,03:00:00,288.508,
,d2m,2014-01-18,03:00:00,283.925,
,pm1,2014-01-18,06:00:00,1.04315e-08,
,pm2p5,2014-01-18,06:00:00,1.52432e-08,
,pm10,2014-01-18,06:00:00,2.02658e-08,
,u10,2014-01-18,06:00:00,2.58432,
,v10,2014-01-18,06:00:00,0.0140732,
,t2m,2014-01-18,06:00:00,288.571,
,d2m,2014-01-18,06:00:00,284.457,
,pm1,2014-01-18,09:00:00,9.31486e-09,
,pm2p5,2014-01-18,09:00:00,1.30406e-08,
,pm10,2014-01-18,09:00:00,1.69557e-08,
,u10,2014-01-18,09:00:00,2.63848,
,v10,2014-01-18,09:00:00,1.25031,
,t2m,2014-01-18,09:00:00,288.454,
,d2m,2014-01-18,09:00:00,287.335,
,pm1,2014-01-18,12:00:00,5.50427e-09,
,pm2p5,2014-01-18,12:00:00,7.33758e-09,
,pm10,2014-01-18,12:00:00,9.95705e-09,
,u10,2014-01-18,12:00:00,3.21048,
,v10,2014-01-18,12:00:00,2.21263,
,t2m,2014-01-18,12:00:00,287.919,
,d2m,2014-01-18,12:00:00,286.945,
,pm1,2014-01-18,15:00:00,6.66875e-09,
,pm2p5,2014-01-18,15:00:00,8.62254e-09,
,pm10,2014-01-18,15:00:00,1.1743e-08,
,u10,2014-01-18,15:00:00,3.66303,
,v10,2014-01-18,15:00:00,1.8371,
,t2m,2014-01-18,15:00:00,287.631,
,d2m,2014-01-18,15:00:00,286.713,
,pm1,2014-01-18,18:00:00,5.99974e-09,
,pm2p5,2014-01-18,18:00:00,7.57655e-09,
,pm10,2014-01-18,18:00:00,1.03856e-08,
,u10,2014-01-18,18:00:00,4.3337,
,v10,2014-01-18,18:00:00,1.40716,
,t2m,2014-01-18,18:00:00,288.062,
,d2m,2014-01-18,18:00:00,285.715,
,pm1,2014-01-18,21:00:00,4.33301e-09,
,pm2p5,2014-01-18,21:00:00,5.42189e-09,
,pm10,2014-01-18,21:00:00,7.53094e-09,
,u10,2014-01-18,21:00:00,4.48654,
,v10,2014-01-18,21:00:00,1.7728,
,t2m,2014-01-18,21:00:00,288.384,
,d2m,2014-01-18,21:00:00,285.062,
,pm1,2014-01-19,00:00:00,7.34414e-09,
,pm2p5,2014-01-19,00:00:00,9.75864e-09,
,pm10,2014-01-19,00:00:00,1.39753e-08,
,u10,2014-01-19,00:00:00,4.8555,
,v10,2014-01-19,00:00:00,0.919301,
,t2m,2014-01-19,00:00:00,287.834,
,d2m,2014-01-19,00:00:00,284.27,
,pm1,2014-01-19,03:00:00,5.01877e-09,
,pm2p5,2014-01-19,03:00:00,7.11036e-09,
,pm10,2014-01-19,03:00:00,1.02124e-08,
,u10,2014-01-19,03:00:00,3.81116,
,v10,2014-01-19,03:00:00,1.83566,
,t2m,2014-01-19,03:00:00,288.014,
,d2m,2014-01-19,03:00:00,284.814,
,pm1,2014-01-19,06:00:00,4.17463e-09,
,pm2p5,2014-01-19,06:00:00,6.26025e-09,
,pm10,2014-01-19,06:00:00,9.05769e-09,
,u10,2014-01-19,06:00:00,4.34879,
,v10,2014-01-19,06:00:00,2.42286,
,t2m,2014-01-19,06:00:00,287.432,
,d2m,2014-01-19,06:00:00,284.736,
,pm1,2014-01-19,09:00:00,4.12676e-09,
,pm2p5,2014-01-19,09:00:00,6.53937e-09,
,pm10,2014-01-19,09:00:00,8.9512e-09,
,u10,2014-01-19,09:00:00,4.3572,
,v10,2014-01-19,09:00:00,1.982,
,t2m,2014-01-19,09:00:00,289.132,
,d2m,2014-01-19,09:00:00,287.086,
,pm1,2014-01-19,12:00:00,8.17591e-09,
,pm2p5,2014-01-19,12:00:00,1.32374e-08,
,pm10,2014-01-19,12:00:00,1.72905e-08,
,u10,2014-01-19,12:00:00,3.94446,
,v10,2014-01-19,12:00:00,0.943415,
,t2m,2014-01-19,12:00:00,288.196,
,d2m,2014-01-19,12:00:00,287.533,
,pm1,2014-01-19,15:00:00,6.09588e-09,
,pm2p5,2014-01-19,15:00:00,9.77137e-09,
,pm10,2014-01-19,15:00:00,1.25769e-08,
,u10,2014-01-19,15:00:00,3.96944,
,v10,2014-01-19,15:00:00,1.5772,
,t2m,2014-01-19,15:00:00,287.58,
,d2m,2014-01-19,15:00:00,287.402,
,pm1,2014-01-19,18:00:00,4.25761e-09,
,pm2p5,2014-01-19,18:00:00,6.71077e-09,
,pm10,2014-01-19,18:00:00,8.63687e-09,
,u10,2014-01-19,18:00:00,4.00604,
,v10,2014-01-19,18:00:00,1.81093,
,t2m,2014-01-19,18:00:00,287.544,
,d2m,2014-01-19,18:00:00,286.24,
,pm1,2014-01-19,21:00:00,2.46681e-09,
,pm2p5,2014-01-19,21:00:00,4.06641e-09,
,pm10,2014-01-19,21:00:00,5.24212e-09,
,u10,2014-01-19,21:00:00,4.0325,
,v10,2014-01-19,21:00:00,1.30287,
,t2m,2014-01-19,21:00:00,287.095,
,d2m,2014-01-19,21:00:00,285.264,
,pm1,2014-01-20,00:00:00,1.47276e-08,
,pm2p5,2014-01-20,00:00:00,2.60773e-08,
,pm10,2014-01-20,00:00:00,3.27684e-08,
,u10,2014-01-20,00:00:00,3.12021,
,v10,2014-01-20,00:00:00,0.432885,
,t2m,2014-01-20,00:00:00,287.609,
,d2m,2014-01-20,00:00:00,284.623,
,pm1,2014-01-20,03:00:00,1.42018e-08,
,pm2p5,2014-01-20,03:00:00,2.5712e-08,
,pm10,2014-01-20,03:00:00,3.22577e-08,
,u10,2014-01-20,03:00:00,2.46685,
,v10,2014-01-20,03:00:00,0.760804,
,t2m,2014-01-20,03:00:00,286.535,
,d2m,2014-01-20,03:00:00,283.698,
,pm1,2014-01-20,06:00:00,1.49075e-08,
,pm2p5,2014-01-20,06:00:00,2.55034e-08,
,pm10,2014-01-20,06:00:00,3.13045e-08,
,u10,2014-01-20,06:00:00,2.0049,
,v10,2014-01-20,06:00:00,1.29339,
,t2m,2014-01-20,06:00:00,286.695,
,d2m,2014-01-20,06:00:00,283.79,
,pm1,2014-01-20,09:00:00,1.7031e-08,
,pm2p5,2014-01-20,09:00:00,2.60411e-08,
,pm10,2014-01-20,09:00:00,3.29005e-08,
,u10,2014-01-20,09:00:00,1.76106,
,v10,2014-01-20,09:00:00,1.2095,
,t2m,2014-01-20,09:00:00,289.062,
,d2m,2014-01-20,09:00:00,287.614,
,pm1,2014-01-20,12:00:00,6.71941e-09,
,pm2p5,2014-01-20,12:00:00,1.00701e-08,
,pm10,2014-01-20,12:00:00,1.27347e-08,
,u10,2014-01-20,12:00:00,2.01133,
,v10,2014-01-20,12:00:00,1.47847,
,t2m,2014-01-20,12:00:00,287.392,
,d2m,2014-01-20,12:00:00,287.392,
,pm1,2014-01-20,15:00:00,8.0291e-09,
,pm2p5,2014-01-20,15:00:00,1.1547e-08,
,pm10,2014-01-20,15:00:00,1.5139e-08,
,u10,2014-01-20,15:00:00,2.55464,
,v10,2014-01-20,15:00:00,1.47332,
,t2m,2014-01-20,15:00:00,286.529,
,d2m,2014-01-20,15:00:00,286.529,
,pm1,2014-01-20,18:00:00,7.09919e-09,
,pm2p5,2014-01-20,18:00:00,1.04148e-08,
,pm10,2014-01-20,18:00:00,1.36982e-08,
,u10,2014-01-20,18:00:00,2.75817,
,v10,2014-01-20,18:00:00,1.90038,
,t2m,2014-01-20,18:00:00,285.878,
,d2m,2014-01-20,18:00:00,285.879,
,pm1,2014-01-20,21:00:00,6.2371e-09,
,pm2p5,2014-01-20,21:00:00,9.65776e-09,
,pm10,2014-01-20,21:00:00,1.25192e-08,
,u10,2014-01-20,21:00:00,3.42266,
,v10,2014-01-20,21:00:00,0.927545,
,t2m,2014-01-20,21:00:00,285.577,
,d2m,2014-01-20,21:00:00,285.423,
,pm1,2014-01-21,00:00:00,4.16466e-09,
,pm2p5,2014-01-21,00:00:00,7.01536e-09,
,pm10,2014-01-21,00:00:00,8.93195e-09,
,u10,2014-01-21,00:00:00,3.00572,
,v10,2014-01-21,00:00:00,0.857262,
,t2m,2014-01-21,00:00:00,285.719,
,d2m,2014-01-21,00:00:00,284.881,
,pm1,2014-01-21,03:00:00,4.12197e-09,
,pm2p5,2014-01-21,03:00:00,7.02417e-09,
,pm10,2014-01-21,03:00:00,8.76132e-09,
,u10,2014-01-21,03:00:00,1.92651,
,v10,2014-01-21,03:00:00,0.383213,
,t2m,2014-01-21,03:00:00,285.87,
,d2m,2014-01-21,03:00:00,283.877,
,pm1,2014-01-21,06:00:00,3.80163e-09,
,pm2p5,2014-01-21,06:00:00,6.2103e-09,
,pm10,2014-01-21,06:00:00,7.67336e-09,
,u10,2014-01-21,06:00:00,0.451622,
,v10,2014-01-21,06:00:00,0.949599,
,t2m,2014-01-21,06:00:00,285.918,
,d2m,2014-01-21,06:00:00,283.537,
,pm1,2014-01-21,09:00:00,4.1467e-09,
,pm2p5,2014-01-21,09:00:00,6.41891e-09,
,pm10,2014-01-21,09:00:00,8.01848e-09,
,u10,2014-01-21,09:00:00,-0.737881,
,v10,2014-01-21,09:00:00,0.759773,
,t2m,2014-01-21,09:00:00,287.11,
,d2m,2014-01-21,09:00:00,286.784,
,pm1,2014-01-21,12:00:00,1.0873e-09,
,pm2p5,2014-01-21,12:00:00,1.84318e-09,
,pm10,2014-01-21,12:00:00,2.32463e-09,
,u10,2014-01-21,12:00:00,-1.07717,
,v10,2014-01-21,12:00:00,0.603543,
,t2m,2014-01-21,12:00:00,286.787,
,d2m,2014-01-21,12:00:00,285.812,
,pm1,2014-01-21,15:00:00,1.34182e-09,
,pm2p5,2014-01-21,15:00:00,2.20556e-09,
,pm10,2014-01-21,15:00:00,2.74545e-09,
,u10,2014-01-21,15:00:00,-1.06357,
,v10,2014-01-21,15:00:00,-0.428441,
,t2m,2014-01-21,15:00:00,286.249,
,d2m,2014-01-21,15:00:00,286.097,
,pm1,2014-01-21,18:00:00,2.02479e-09,
,pm2p5,2014-01-21,18:00:00,3.20454e-09,
,pm10,2014-01-21,18:00:00,4.06948e-09,
,u10,2014-01-21,18:00:00,-1.20898,
,v10,2014-01-21,18:00:00,-0.404945,
,t2m,2014-01-21,18:00:00,286.62,
,d2m,2014-01-21,18:00:00,286.568,
,pm1,2014-01-21,21:00:00,4.33221e-09,
,pm2p5,2014-01-21,21:00:00,6.79793e-09,
,pm10,2014-01-21,21:00:00,8.72411e-09,
,u10,2014-01-21,21:00:00,-1.61084,
,v10,2014-01-21,21:00:00,-0.81407,
,t2m,2014-01-21,21:00:00,286.48,
,d2m,2014-01-21,21:00:00,285.94,
,pm1,2014-01-22,00:00:00,6.22833e-09,
,pm2p5,2014-01-22,00:00:00,9.98096e-09,
,pm10,2014-01-22,00:00:00,1.25653e-08,
,u10,2014-01-22,00:00:00,-0.72329,
,v10,2014-01-22,00:00:00,-0.996682,
,t2m,2014-01-22,00:00:00,285.542,
,d2m,2014-01-22,00:00:00,284.372,
,pm1,2014-01-22,03:00:00,4.53726e-09,
,pm2p5,2014-01-22,03:00:00,7.07804e-09,
,pm10,2014-01-22,03:00:00,8.9435e-09,
,u10,2014-01-22,03:00:00,-0.244274,
,v10,2014-01-22,03:00:00,-1.10963,
,t2m,2014-01-22,03:00:00,286.366,
,d2m,2014-01-22,03:00:00,284.107,
,pm1,2014-01-22,06:00:00,4.18061e-09,
,pm2p5,2014-01-22,06:00:00,6.15545e-09,
,pm10,2014-01-22,06:00:00,7.88889e-09,
,u10,2014-01-22,06:00:00,0.0683104,
,v10,2014-01-22,06:00:00,-1.25061,
,t2m,2014-01-22,06:00:00,286.708,
,d2m,2014-01-22,06:00:00,284.659,
,pm1,2014-01-22,09:00:00,3.26826e-09,
,pm2p5,2014-01-22,09:00:00,4.54533e-09,
,pm10,2014-01-22,09:00:00,5.9144e-09,
,u10,2014-01-22,09:00:00,0.602227,
,v10,2014-01-22,09:00:00,-0.676802,
,t2m,2014-01-22,09:00:00,287.241,
,d2m,2014-01-22,09:00:00,286.06,
,pm1,2014-01-22,12:00:00,7.27353e-09,
,pm2p5,2014-01-22,12:00:00,8.72636e-09,
,pm10,2014-01-22,12:00:00,1.20034e-08,
,u10,2014-01-22,12:00:00,0.691254,
,v10,2014-01-22,12:00:00,0.484,
,t2m,2014-01-22,12:00:00,286.749,
,d2m,2014-01-22,12:00:00,286.546,
,pm1,2014-01-22,15:00:00,8.90555e-09,
,pm2p5,2014-01-22,15:00:00,1.04383e-08,
,pm10,2014-01-22,15:00:00,1.46592e-08,
,u10,2014-01-22,15:00:00,2.79675,
,v10,2014-01-22,15:00:00,1.1691,
,t2m,2014-01-22,15:00:00,286.712,
,d2m,2014-01-22,15:00:00,286.687,
,pm1,2014-01-22,18:00:00,4.89909e-09,
,pm2p5,2014-01-22,18:00:00,5.67163e-09,
,pm10,2014-01-22,18:00:00,7.97357e-09,
,u10,2014-01-22,18:00:00,3.94199,
,v10,2014-01-22,18:00:00,1.98076,
,t2m,2014-01-22,18:00:00,286.694,
,d2m,2014-01-22,18:00:00,286.015,
,pm1,2014-01-22,21:00:00,9.78793e-10,
,pm2p5,2014-01-22,21:00:00,1.33684e-09,
,pm10,2014-01-22,21:00:00,1.90253e-09,
,u10,2014-01-22,21:00:00,4.79417,
,v10,2014-01-22,21:00:00,1.83999,
,t2m,2014-01-22,21:00:00,287.336,
,d2m,2014-01-22,21:00:00,284.556,
,pm1,2014-01-23,00:00:00,3.21001e-09,
,pm2p5,2014-01-23,00:00:00,7.1035e-09,
,pm10,2014-01-23,00:00:00,9.38484e-09,
,u10,2014-01-23,00:00:00,5.35455,
,v10,2014-01-23,00:00:00,1.32286,
,t2m,2014-01-23,00:00:00,288.853,
,d2m,2014-01-23,00:00:00,285.254,
,pm1,2014-01-23,03:00:00,6.18165e-09,
,pm2p5,2014-01-23,03:00:00,1.36978e-08,
,pm10,2014-01-23,03:00:00,1.75535e-08,
,u10,2014-01-23,03:00:00,6.14294,
,v10,2014-01-23,03:00:00,1.35254,
,t2m,2014-01-23,03:00:00,288.225,
,d2m,2014-01-23,03:00:00,284.8,
,pm1,2014-01-23,06:00:00,4.30668e-09,
,pm2p5,2014-01-23,06:00:00,9.27678e-09,
,pm10,2014-01-23,06:00:00,1.22459e-08,
,u10,2014-01-23,06:00:00,6.20575,
,v10,2014-01-23,06:00:00,1.05925,
,t2m,2014-01-23,06:00:00,288.487,
,d2m,2014-01-23,06:00:00,284.731,
,pm1,2014-01-23,09:00:00,3.54153e-09,
,pm2p5,2014-01-23,09:00:00,6.05261e-09,
,pm10,2014-01-23,09:00:00,8.107e-09,
,u10,2014-01-23,09:00:00,4.83003,
,v10,2014-01-23,09:00:00,1.34945,
,t2m,2014-01-23,09:00:00,288.76,
,d2m,2014-01-23,09:00:00,287.589,
,pm1,2014-01-23,12:00:00,4.40561e-09,
,pm2p5,2014-01-23,12:00:00,6.25437e-09,
,pm10,2014-01-23,12:00:00,8.19424e-09,
,u10,2014-01-23,12:00:00,4.26743,
,v10,2014-01-23,12:00:00,1.3513,
,t2m,2014-01-23,12:00:00,288.458,
,d2m,2014-01-23,12:00:00,287.199,
,pm1,2014-01-23,15:00:00,4.39604e-09,
,pm2p5,2014-01-23,15:00:00,5.89983e-09,
,pm10,2014-01-23,15:00:00,7.85682e-09,
,u10,2014-01-23,15:00:00,3.99367,
,v10,2014-01-23,15:00:00,0.724528,
,t2m,2014-01-23,15:00:00,288.1,
,d2m,2014-01-23,15:00:00,286.437,
,pm1,2014-01-23,18:00:00,3.74139e-09,
,pm2p5,2014-01-23,18:00:00,5.16724e-09,
,pm10,2014-01-23,18:00:00,6.85225e-09,
,u10,2014-01-23,18:00:00,4.5585,
,v10,2014-01-23,18:00:00,0.692376,
,t2m,2014-01-23,18:00:00,288.248,
,d2m,2014-01-23,18:00:00,285.138,
,pm1,2014-01-23,21:00:00,2.82864e-09,
,pm2p5,2014-01-23,21:00:00,4.23976e-09,
,pm10,2014-01-23,21:00:00,5.57441e-09,
,u10,2014-01-23,21:00:00,4.95096,
,v10,2014-01-23,21:00:00,0.843453,
,t2m,2014-01-23,21:00:00,287.775,
,d2m,2014-01-23,21:00:00,284.107,
,pm1,2014-01-24,00:00:00,1.60711e-09,
,pm2p5,2014-01-24,00:00:00,2.43767e-09,
,pm10,2014-01-24,00:00:00,3.26249e-09,
,u10,2014-01-24,00:00:00,4.09778,
,v10,2014-01-24,00:00:00,-1.19846,
,t2m,2014-01-24,00:00:00,287.236,
,d2m,2014-01-24,00:00:00,283.161,
,pm1,2014-01-24,03:00:00,1.36536e-09,
,pm2p5,2014-01-24,03:00:00,1.93818e-09,
,pm10,2014-01-24,03:00:00,2.61073e-09,
,u10,2014-01-24,03:00:00,3.29827,
,v10,2014-01-24,03:00:00,0.534703,
,t2m,2014-01-24,03:00:00,286.434,
,d2m,2014-01-24,03:00:00,282.458,
,pm1,2014-01-24,06:00:00,1.06696e-09,
,pm2p5,2014-01-24,06:00:00,1.43086e-09,
,pm10,2014-01-24,06:00:00,1.93717e-09,
,u10,2014-01-24,06:00:00,3.46173,
,v10,2014-01-24,06:00:00,1.61595,
,t2m,2014-01-24,06:00:00,286.871,
,d2m,2014-01-24,06:00:00,283.263,
,pm1,2014-01-24,09:00:00,6.82786e-10,
,pm2p5,2014-01-24,09:00:00,8.86315e-10,
,pm10,2014-01-24,09:00:00,1.19946e-09,
,u10,2014-01-24,09:00:00,2.85338,
,v10,2014-01-24,09:00:00,1.22661,
,t2m,2014-01-24,09:00:00,288.188,
,d2m,2014-01-24,09:00:00,286.783,
,pm1,2014-01-24,12:00:00,8.50782e-09,
,pm2p5,2014-01-24,12:00:00,1.01592e-08,
,pm10,2014-01-24,12:00:00,1.40587e-08,
,u10,2014-01-24,12:00:00,2.57121,
,v10,2014-01-24,12:00:00,1.09965,
,t2m,2014-01-24,12:00:00,288.042,
,d2m,2014-01-24,12:00:00,286.833,
,pm1,2014-01-24,15:00:00,8.80861e-09,
,pm2p5,2014-01-24,15:00:00,1.03806e-08,
,pm10,2014-01-24,15:00:00,1.44718e-08,
,u10,2014-01-24,15:00:00,2.20323,
,v10,2014-01-24,15:00:00,1.37336,
,t2m,2014-01-24,15:00:00,287.507,
,d2m,2014-01-24,15:00:00,286.514,
,pm1,2014-01-24,18:00:00,8.2924e-09,
,pm2p5,2014-01-24,18:00:00,9.66658e-09,
,pm10,2014-01-24,18:00:00,1.34365e-08,
,u10,2014-01-24,18:00:00,2.22969,
,v10,2014-01-24,18:00:00,1.5098,
,t2m,2014-01-24,18:00:00,286.804,
,d2m,2014-01-24,18:00:00,286.154,
,pm1,2014-01-24,21:00:00,7.36648e-09,
,pm2p5,2014-01-24,21:00:00,8.53342e-09,
,pm10,2014-01-24,21:00:00,1.18276e-08,
,u10,2014-01-24,21:00:00,1.22616,
,v10,2014-01-24,21:00:00,1.42241,
,t2m,2014-01-24,21:00:00,286.67,
,d2m,2014-01-24,21:00:00,285.644,
,pm1,2014-01-25,00:00:00,4.19896e-09,
,pm2p5,2014-01-25,00:00:00,4.88322e-09,
,pm10,2014-01-25,00:00:00,6.83172e-09,
,u10,2014-01-25,00:00:00,0.114802,
,v10,2014-01-25,00:00:00,1.63429,
,t2m,2014-01-25,00:00:00,287.436,
,d2m,2014-01-25,00:00:00,285.524,
,pm1,2014-01-25,03:00:00,4.71877e-09,
,pm2p5,2014-01-25,03:00:00,5.47575e-09,
,pm10,2014-01-25,03:00:00,7.66181e-09,
,u10,2014-01-25,03:00:00,-1.21739,
,v10,2014-01-25,03:00:00,1.26494,
,t2m,2014-01-25,03:00:00,288.226,
,d2m,2014-01-25,03:00:00,286.111,
,pm1,2014-01-25,06:00:00,5.529e-09,
,pm2p5,2014-01-25,06:00:00,6.50803e-09,
,pm10,2014-01-25,06:00:00,9.21677e-09,
,u10,2014-01-25,06:00:00,-3.0699,
,v10,2014-01-25,06:00:00,1.54484,
,t2m,2014-01-25,06:00:00,288.385,
,d2m,2014-01-25,06:00:00,285.802,
,pm1,2014-01-25,09:00:00,7.20292e-09,
,pm2p5,2014-01-25,09:00:00,8.41883e-09,
,pm10,2014-01-25,09:00:00,1.18802e-08,
,u10,2014-01-25,09:00:00,-3.13741,
,v10,2014-01-25,09:00:00,1.746,
,t2m,2014-01-25,09:00:00,286.575,
,d2m,2014-01-25,09:00:00,285.633,
,pm1,2014-01-25,12:00:00,4.99124e-09,
,pm2p5,2014-01-25,12:00:00,5.85674e-09,
,pm10,2014-01-25,12:00:00,8.2725e-09,
,u10,2014-01-25,12:00:00,-3.67281,
,v10,2014-01-25,12:00:00,2.20892,
,t2m,2014-01-25,12:00:00,288.257,
,d2m,2014-01-25,12:00:00,287.257,
,pm1,2014-01-25,15:00:00,5.99176e-09,
,pm2p5,2014-01-25,15:00:00,7.1417e-09,
,pm10,2014-01-25,15:00:00,1.01662e-08,
,u10,2014-01-25,15:00:00,-3.65896,
,v10,2014-01-25,15:00:00,3.89612,
,t2m,2014-01-25,15:00:00,287.985,
,d2m,2014-01-25,15:00:00,286.497,
,pm1,2014-01-25,18:00:00,5.51065e-09,
,pm2p5,2014-01-25,18:00:00,6.77737e-09,
,pm10,2014-01-25,18:00:00,9.57472e-09,
,u10,2014-01-25,18:00:00,-3.0563,
,v10,2014-01-25,18:00:00,0.706391,
,t2m,2014-01-25,18:00:00,287.999,
,d2m,2014-01-25,18:00:00,286.205,
,pm1,2014-01-25,21:00:00,6.63923e-09,
,pm2p5,2014-01-25,21:00:00,8.49816e-09,
,pm10,2014-01-25,21:00:00,1.21445e-08,
,u10,2014-01-25,21:00:00,-4.40284,
,v10,2014-01-25,21:00:00,-1.21124,
,t2m,2014-01-25,21:00:00,288.455,
,d2m,2014-01-25,21:00:00,286.07,
,pm1,2014-01-26,00:00:00,6.42221e-09,
,pm2p5,2014-01-26,00:00:00,9.38157e-09,
,pm10,2014-01-26,00:00:00,1.36289e-08,
,u10,2014-01-26,00:00:00,-6.08768,
,v10,2014-01-26,00:00:00,-1.40436,
,t2m,2014-01-26,00:00:00,288.642,
,d2m,2014-01-26,00:00:00,286.278,
,pm1,2014-01-26,03:00:00,9.84623e-09,
,pm2p5,2014-01-26,03:00:00,1.40249e-08,
,pm10,2014-01-26,03:00:00,1.97885e-08,
,u10,2014-01-26,03:00:00,-6.9364,
,v10,2014-01-26,03:00:00,-1.54617,
,t2m,2014-01-26,03:00:00,288.448,
,d2m,2014-01-26,03:00:00,286.19,
,pm1,2014-01-26,06:00:00,1.30947e-08,
,pm2p5,2014-01-26,06:00:00,1.78651e-08,
,pm10,2014-01-26,06:00:00,2.5059e-08,
,u10,2014-01-26,06:00:00,-6.84738,
,v10,2014-01-26,06:00:00,-0.957521,
,t2m,2014-01-26,06:00:00,288.308,
,d2m,2014-01-26,06:00:00,286.384,
,pm1,2014-01-26,09:00:00,1.6123e-08,
,pm2p5,2014-01-26,09:00:00,2.16788e-08,
,pm10,2014-01-26,09:00:00,3.03115e-08,
,u10,2014-01-26,09:00:00,-7.54921,
,v10,2014-01-26,09:00:00,-2.26487,
,t2m,2014-01-26,09:00:00,289.394,
,d2m,2014-01-26,09:00:00,286.274,
,pm1,2014-01-26,12:00:00,2.54137e-08,
,pm2p5,2014-01-26,12:00:00,3.55196e-08,
,pm10,2014-01-26,12:00:00,4.87401e-08,
,u10,2014-01-26,12:00:00,-6.81053,
,v10,2014-01-26,12:00:00,-2.87598,
,t2m,2014-01-26,12:00:00,289.176,
,d2m,2014-01-26,12:00:00,285.879,
,pm1,2014-01-26,15:00:00,2.19586e-08,
,pm2p5,2014-01-26,15:00:00,3.40358e-08,
,pm10,2014-01-26,15:00:00,4.70145e-08,
,u10,2014-01-26,15:00:00,-9.10817,
,v10,2014-01-26,15:00:00,-0.530671,
,t2m,2014-01-26,15:00:00,289.939,
,d2m,2014-01-26,15:00:00,285.708,
,pm1,2014-01-26,18:00:00,1.62989e-08,
,pm2p5,2014-01-26,18:00:00,2.87021e-08,
,pm10,2014-01-26,18:00:00,4.03007e-08,
,u10,2014-01-26,18:00:00,-4.71023,
,v10,2014-01-26,18:00:00,6.32676,
,t2m,2014-01-26,18:00:00,289.654,
,d2m,2014-01-26,18:00:00,286.43,
,pm1,2014-01-26,21:00:00,8.61194e-09,
,pm2p5,2014-01-26,21:00:00,1.64352e-08,
,pm10,2014-01-26,21:00:00,2.33629e-08,
,u10,2014-01-26,21:00:00,5.58726,
,v10,2014-01-26,21:00:00,5.46626,
,t2m,2014-01-26,21:00:00,288.851,
,d2m,2014-01-26,21:00:00,285.944,
,pm1,2014-01-27,00:00:00,7.04853e-09,
,pm2p5,2014-01-27,00:00:00,1.88219e-08,
,pm10,2014-01-27,00:00:00,2.57248e-08,
,u10,2014-01-27,00:00:00,5.32042,
,v10,2014-01-27,00:00:00,2.47006,
,t2m,2014-01-27,00:00:00,289.664,
,d2m,2014-01-27,00:00:00,285.188,
,pm1,2014-01-27,03:00:00,7.94134e-09,
,pm2p5,2014-01-27,03:00:00,1.76614e-08,
,pm10,2014-01-27,03:00:00,2.11215e-08,
,u10,2014-01-27,03:00:00,0.741703,
,v10,2014-01-27,03:00:00,2.37958,
,t2m,2014-01-27,03:00:00,289.089,
,d2m,2014-01-27,03:00:00,287.689,
,pm1,2014-01-27,06:00:00,6.76848e-09,
,pm2p5,2014-01-27,06:00:00,1.64283e-08,
,pm10,2014-01-27,06:00:00,2.14576e-08,
,u10,2014-01-27,06:00:00,-1.93282,
,v10,2014-01-27,06:00:00,4.85679,
,t2m,2014-01-27,06:00:00,287.731,
,d2m,2014-01-27,06:00:00,286.094,
,pm1,2014-01-27,09:00:00,7.68921e-09,
,pm2p5,2014-01-27,09:00:00,1.88249e-08,
,pm10,2014-01-27,09:00:00,2.56671e-08,
,u10,2014-01-27,09:00:00,-1.47557,
,v10,2014-01-27,09:00:00,4.9514,
,t2m,2014-01-27,09:00:00,287.585,
,d2m,2014-01-27,09:00:00,285.609,
,pm1,2014-01-27,12:00:00,9.31246e-09,
,pm2p5,2014-01-27,12:00:00,2.15838e-08,
,pm10,2014-01-27,12:00:00,2.96802e-08,
,u10,2014-01-27,12:00:00,-1.9714,
,v10,2014-01-27,12:00:00,4.17519,
,t2m,2014-01-27,12:00:00,286.945,
,d2m,2014-01-27,12:00:00,285.595,
,pm1,2014-01-27,15:00:00,1.36592e-08,
,pm2p5,2014-01-27,15:00:00,3.25148e-08,
,pm10,2014-01-27,15:00:00,4.47501e-08,
,u10,2014-01-27,15:00:00,-3.45148,
,v10,2014-01-27,15:00:00,3.31655,
,t2m,2014-01-27,15:00:00,288.269,
,d2m,2014-01-27,15:00:00,286.15,
,pm1,2014-01-27,18:00:00,1.93228e-08,
,pm2p5,2014-01-27,18:00:00,4.74584e-08,
,pm10,2014-01-27,18:00:00,6.36585e-08,
,u10,2014-01-27,18:00:00,-3.16734,
,v10,2014-01-27,18:00:00,4.15417,
,t2m,2014-01-27,18:00:00,288.973,
,d2m,2014-01-27,18:00:00,286.818,
,pm1,2014-01-27,21:00:00,2.56862e-08,
,pm2p5,2014-01-27,21:00:00,6.45263e-08,
,pm10,2014-01-27,21:00:00,8.45518e-08,
,u10,2014-01-27,21:00:00,-1.47285,
,v10,2014-01-27,21:00:00,4.13686,
,t2m,2014-01-27,21:00:00,288.082,
,d2m,2014-01-27,21:00:00,285.519,
,pm1,2014-01-28,00:00:00,1.47635e-08,
,pm2p5,2014-01-28,00:00:00,3.56577e-08,
,pm10,2014-01-28,00:00:00,4.40624e-08,
,u10,2014-01-28,00:00:00,0.335887,
,v10,2014-01-28,00:00:00,3.07416,
,t2m,2014-01-28,00:00:00,286.854,
,d2m,2014-01-28,00:00:00,284.482,
,pm1,2014-01-28,03:00:00,1.43003e-08,
,pm2p5,2014-01-28,03:00:00,3.2981e-08,
,pm10,2014-01-28,03:00:00,4.0488e-08,
,u10,2014-01-28,03:00:00,-1.4365,
,v10,2014-01-28,03:00:00,2.3128,
,t2m,2014-01-28,03:00:00,286.626,
,d2m,2014-01-28,03:00:00,283.699,
,pm1,2014-01-28,06:00:00,1.82772e-08,
,pm2p5,2014-01-28,06:00:00,4.61676e-08,
,pm10,2014-01-28,06:00:00,6.46182e-08,
,u10,2014-01-28,06:00:00,-1.50599,
,v10,2014-01-28,06:00:00,3.44722,
,t2m,2014-01-28,06:00:00,286.747,
,d2m,2014-01-28,06:00:00,283.29,
,pm1,2014-01-28,09:00:00,2.26647e-08,
,pm2p5,2014-01-28,09:00:00,5.68655e-08,
,pm10,2014-01-28,09:00:00,7.38544e-08,
,u10,2014-01-28,09:00:00,0.149177,
,v10,2014-01-28,09:00:00,2.49995,
,t2m,2014-01-28,09:00:00,288.259,
,d2m,2014-01-28,09:00:00,284.417,
,pm1,2014-01-28,12:00:00,2.99978e-09,
,pm2p5,2014-01-28,12:00:00,7.72346e-09,
,pm10,2014-01-28,12:00:00,9.51827e-09,
,u10,2014-01-28,12:00:00,1.66882,
,v10,2014-01-28,12:00:00,0.561909,
,t2m,2014-01-28,12:00:00,287.982,
,d2m,2014-01-28,12:00:00,285.752,
,pm1,2014-01-28,15:00:00,3.38554e-09,
,pm2p5,2014-01-28,15:00:00,7.12113e-09,
,pm10,2014-01-28,15:00:00,9.25911e-09,
,u10,2014-01-28,15:00:00,3.0846,
,v10,2014-01-28,15:00:00,1.29648,
,t2m,2014-01-28,15:00:00,288.631,
,d2m,2014-01-28,15:00:00,285.629,
,pm1,2014-01-28,18:00:00,5.17395e-09,
,pm2p5,2014-01-28,18:00:00,1.11376e-08,
,pm10,2014-01-28,18:00:00,1.52275e-08,
,u10,2014-01-28,18:00:00,4.49494,
,v10,2014-01-28,18:00:00,3.0078,
,t2m,2014-01-28,18:00:00,289.299,
,d2m,2014-01-28,18:00:00,285.44,
,pm1,2014-01-28,21:00:00,2.57212e-09,
,pm2p5,2014-01-28,21:00:00,5.8107e-09,
,pm10,2014-01-28,21:00:00,7.55019e-09,
,u10,2014-01-28,21:00:00,4.13587,
,v10,2014-01-28,21:00:00,3.86644,
,t2m,2014-01-28,21:00:00,288.249,
,d2m,2014-01-28,21:00:00,284.638,
,pm1,2014-01-29,00:00:00,1.02148e-08,
,pm2p5,2014-01-29,00:00:00,1.96613e-08,
,pm10,2014-01-29,00:00:00,2.51693e-08,
,u10,2014-01-29,00:00:00,3.25623,
,v10,2014-01-29,00:00:00,4.5534,
,t2m,2014-01-29,00:00:00,289.042,
,d2m,2014-01-29,00:00:00,285.647,
,pm1,2014-01-29,03:00:00,7.72671e-09,
,pm2p5,2014-01-29,03:00:00,1.22169e-08,
,pm10,2014-01-29,03:00:00,1.72418e-08,
,u10,2014-01-29,03:00:00,2.13424,
,v10,2014-01-29,03:00:00,4.86627,
,t2m,2014-01-29,03:00:00,289.542,
,d2m,2014-01-29,03:00:00,285.624,
,pm1,2014-01-29,06:00:00,8.98215e-09,
,pm2p5,2014-01-29,06:00:00,1.3449e-08,
,pm10,2014-01-29,06:00:00,1.98706e-08,
,u10,2014-01-29,06:00:00,0.809957,
,v10,2014-01-29,06:00:00,6.45145,
,t2m,2014-01-29,06:00:00,290.276,
,d2m,2014-01-29,06:00:00,286.899,
,pm1,2014-01-29,09:00:00,1.22334e-08,
,pm2p5,2014-01-29,09:00:00,1.75654e-08,
,pm10,2014-01-29,09:00:00,2.5721e-08,
,u10,2014-01-29,09:00:00,0.302254,
,v10,2014-01-29,09:00:00,8.03148,
,t2m,2014-01-29,09:00:00,289.1,
,d2m,2014-01-29,09:00:00,286.947,
,pm1,2014-01-29,12:00:00,9.86778e-09,
,pm2p5,2014-01-29,12:00:00,1.48809e-08,
,pm10,2014-01-29,12:00:00,2.17989e-08,
,u10,2014-01-29,12:00:00,1.67303,
,v10,2014-01-29,12:00:00,7.55001,
,t2m,2014-01-29,12:00:00,289.16,
,d2m,2014-01-29,12:00:00,286.381,
,pm1,2014-01-29,15:00:00,8.80183e-09,
,pm2p5,2014-01-29,15:00:00,1.58583e-08,
,pm10,2014-01-29,15:00:00,2.29266e-08,
,u10,2014-01-29,15:00:00,3.61283,
,v10,2014-01-29,15:00:00,6.75588,
,t2m,2014-01-29,15:00:00,290.261,
,d2m,2014-01-29,15:00:00,286.094,
,pm1,2014-01-29,18:00:00,9.06433e-09,
,pm2p5,2014-01-29,18:00:00,2.02039e-08,
,pm10,2014-01-29,18:00:00,2.68359e-08,
,u10,2014-01-29,18:00:00,4.16851,
,v10,2014-01-29,18:00:00,5.24964,
,t2m,2014-01-29,18:00:00,289.849,
,d2m,2014-01-29,18:00:00,286.341,
,pm1,2014-01-29,21:00:00,1.14037e-08,
,pm2p5,2014-01-29,21:00:00,2.79362e-08,
,pm10,2014-01-29,21:00:00,3.45607e-08,
,u10,2014-01-29,21:00:00,4.76821,
,v10,2014-01-29,21:00:00,3.87572,
,t2m,2014-01-29,21:00:00,289.887,
,d2m,2014-01-29,21:00:00,286.13,
,pm1,2014-01-30,00:00:00,8.89757e-09,
,pm2p5,2014-01-30,00:00:00,2.2144e-08,
,pm10,2014-01-30,00:00:00,2.61302e-08,
,u10,2014-01-30,00:00:00,5.62435,
,v10,2014-01-30,00:00:00,1.75589,
,t2m,2014-01-30,00:00:00,289.338,
,d2m,2014-01-30,00:00:00,285.429,
,pm1,2014-01-30,03:00:00,3.86785e-09,
,pm2p5,2014-01-30,03:00:00,9.01038e-09,
,pm10,2014-01-30,03:00:00,1.12657e-08,
,u10,2014-01-30,03:00:00,6.62863,
,v10,2014-01-30,03:00:00,0.73978,
,t2m,2014-01-30,03:00:00,287.492,
,d2m,2014-01-30,03:00:00,283.62,
,pm1,2014-01-30,06:00:00,2.27771e-09,
,pm2p5,2014-01-30,06:00:00,4.22801e-09,
,pm10,2014-01-30,06:00:00,5.86693e-09,
,u10,2014-01-30,06:00:00,6.42238,
,v10,2014-01-30,06:00:00,0.785743,
,t2m,2014-01-30,06:00:00,288.085,
,d2m,2014-01-30,06:00:00,283.509,
,pm1,2014-01-30,09:00:00,3.06879e-09,
,pm2p5,2014-01-30,09:00:00,4.67461e-09,
,pm10,2014-01-30,09:00:00,6.46479e-09,
,u10,2014-01-30,09:00:00,5.44531,
,v10,2014-01-30,09:00:00,0.169273,
,t2m,2014-01-30,09:00:00,288.506,
,d2m,2014-01-30,09:00:00,285.794,
,pm1,2014-01-30,12:00:00,6.14615e-09,
,pm2p5,2014-01-30,12:00:00,9.15044e-09,
,pm10,2014-01-30,12:00:00,1.19739e-08,
,u10,2014-01-30,12:00:00,4.66286,
,v10,2014-01-30,12:00:00,-0.219448,
,t2m,2014-01-30,12:00:00,288.321,
,d2m,2014-01-30,12:00:00,286.373,
,pm1,2014-01-30,15:00:00,7.9549e-09,
,pm2p5,2014-01-30,15:00:00,1.18976e-08,
,pm10,2014-01-30,15:00:00,1.52096e-08,
,u10,2014-01-30,15:00:00,4.18285,
,v10,2014-01-30,15:00:00,-0.18647,
,t2m,2014-01-30,15:00:00,288.321,
,d2m,2014-01-30,15:00:00,285.74,
,pm1,2014-01-30,18:00:00,8.27883e-09,
,pm2p5,2014-01-30,18:00:00,1.24627e-08,
,pm10,2014-01-30,18:00:00,1.56381e-08,
,u10,2014-01-30,18:00:00,3.37097,
,v10,2014-01-30,18:00:00,-1.00019,
,t2m,2014-01-30,18:00:00,288.185,
,d2m,2014-01-30,18:00:00,284.852,
,pm1,2014-01-30,21:00:00,8.12325e-09,
,pm2p5,2014-01-30,21:00:00,1.21777e-08,
,pm10,2014-01-30,21:00:00,1.51557e-08,
,u10,2014-01-30,21:00:00,1.69232,
,v10,2014-01-30,21:00:00,-2.56867,
,t2m,2014-01-30,21:00:00,288.064,
,d2m,2014-01-30,21:00:00,284.386,
,pm1,2014-01-31,00:00:00,1.34709e-08,
,pm2p5,2014-01-31,00:00:00,2.00217e-08,
,pm10,2014-01-31,00:00:00,2.5236e-08,
,u10,2014-01-31,00:00:00,-1.05096,
,v10,2014-01-31,00:00:00,-4.15632,
,t2m,2014-01-31,00:00:00,288.118,
,d2m,2014-01-31,00:00:00,282.94,
,pm1,2014-01-31,03:00:00,1.0816e-08,
,pm2p5,2014-01-31,03:00:00,1.59494e-08,
,pm10,2014-01-31,03:00:00,2.07687e-08,
,u10,2014-01-31,03:00:00,-2.98409,
,v10,2014-01-31,03:00:00,-4.01802,
,t2m,2014-01-31,03:00:00,287.965,
,d2m,2014-01-31,03:00:00,281.531,
,pm1,2014-01-31,06:00:00,9.82669e-09,
,pm2p5,2014-01-31,06:00:00,1.43285e-08,
,pm10,2014-01-31,06:00:00,1.92188e-08,
,u10,2014-01-31,06:00:00,-3.64808,
,v10,2014-01-31,06:00:00,-3.74617,
,t2m,2014-01-31,06:00:00,286.997,
,d2m,2014-01-31,06:00:00,280.939,
,pm1,2014-01-31,09:00:00,1.03234e-08,
,pm2p5,2014-01-31,09:00:00,1.45812e-08,
,pm10,2014-01-31,09:00:00,1.98886e-08,
,u10,2014-01-31,09:00:00,-3.30187,
,v10,2014-01-31,09:00:00,-3.68433,
,t2m,2014-01-31,09:00:00,288.092,
,d2m,2014-01-31,09:00:00,282.502,
,pm1,2014-01-31,12:00:00,1.31131e-08,
,pm2p5,2014-01-31,12:00:00,1.7774e-08,
,pm10,2014-01-31,12:00:00,2.42725e-08,
,u10,2014-01-31,12:00:00,-2.88245,
,v10,2014-01-31,12:00:00,-2.85681,
,t2m,2014-01-31,12:00:00,287.273,
,d2m,2014-01-31,12:00:00,282.212,
,pm1,2014-01-31,15:00:00,1.11061e-08,
,pm2p5,2014-01-31,15:00:00,1.46595e-08,
,pm10,2014-01-31,15:00:00,1.99399e-08,
,u10,2014-01-31,15:00:00,-1.92565,
,v10,2014-01-31,15:00:00,-1.49794,
,t2m,2014-01-31,15:00:00,286.945,
,d2m,2014-01-31,15:00:00,283.07,
,pm1,2014-01-31,18:00:00,9.33161e-09,
,pm2p5,2014-01-31,18:00:00,1.20857e-08,
,pm10,2014-01-31,18:00:00,1.63822e-08,
,u10,2014-01-31,18:00:00,-0.570955,
,v10,2014-01-31,18:00:00,-1.38437,
,t2m,2014-01-31,18:00:00,287.516,
,d2m,2014-01-31,18:00:00,282.913,
,pm1,2014-01-31,21:00:00,8.57045e-09,
,pm2p5,2014-01-31,21:00:00,1.10123e-08,
,pm10,2014-01-31,21:00:00,1.5044e-08,
,u10,2014-01-31,21:00:00,-0.202728,
,v10,2014-01-31,21:00:00,-2.96069,
,t2m,2014-01-31,21:00:00,287.627,
,d2m,2014-01-31,21:00:00,281.765,
