"","ICD9CM.1","Age","pm2p5","pm2p5_5","pm2p5_10","n"
"1","",NA,15.3014702327946,15.3756652028364,15.4519859838116,9096
"2","  260",24,4.46925,7.8881,13.322425,1
"3","  3830",66,5.11,7.85325,23.743,1
"4","  419",45,10.68125,12.3467,10.1174,1
"5","  48",29,6.3425,8.0162,11.140925,1
"6","  593",23,4.158625,9.139475,26.6768625,1
"7","  706",1,22.6375,8.82725,7.2220125,1
"8","  7804",24,9.88625,16.36225,23.943625,1
"9","  7806",80.5,10.13875,8.1412125,11.95484375,2
"10","  784",20,6.223875,9.814275,10.8648625,1
"11","  7852",34,15.67,11.596375,18.3353125,1
"12","  786",24.1666666666667,7.07204166666667,11.6368833333333,14.8040541666667,6
"13","  8659",24.7142857142857,32.9178571428571,20.1281107142857,18.4805117857143,7
"14","  9751",68,11.60625,10.07775,11.2904125,1
"15","  9904",14,6.8375,10.65675,17.1155,1
"16","  9921",9.96153846153846,26.1159278846154,24.1663525,21.0996901923077,26
"17","  9953",52,3.53275,7.005825,7.4967375,1
"18"," 0020",37,13.828125,13.0413325,13.3362475,2
"19"," 0030",0,9.30625,15.15125,13.4094125,1
"20"," 0059",28.5537190082645,18.7120419421488,16.8494989256198,18.0919950413223,121
"21"," 00845",43.6666666666667,15.0579166666667,14.5297166666667,13.7436483333333,3
"22"," 0085",14.5,27.3221875,18.148828125,16.3290234375,4
"23"," 0088",12.6343612334802,13.4858656387665,14.1453292511013,14.3368615363436,227
"24"," 0092",32.92,13.114219,13.0411531,13.37984215,50
"25"," 01190",0,45.7875,47.145,36.991875,1
"26"," 0239",25,15.385625,13.7590125,12.76554,2
"27"," 0339",17,13.69,16.686,14.0100375,1
"28"," 0340",21.8333333333333,11.3002083333333,12.0872479166667,13.127021875,6
"29"," 0341",3,15.0229166666667,15.7313533333333,25.3691766666667,3
"30"," 035",60.5,11.888125,12.68143125,16.77773125,4
"31"," 037",21,4.158625,9.139475,26.6768625,1
"32"," 04110",39,20.9375,43.2775,38.83875,1
"33"," 0527",5,16.3625,14.93775,11.5989375,1
"34"," 0529",17.3529411764706,10.1147867647059,13.6512395588235,16.1043429411765,17
"35"," 05319",76,10.3200625,13.3776875,16.262225,2
"36"," 0539",40.6363636363636,17.3016676136364,15.8715180681818,15.9296073295455,22
"37"," 05412",24,1.5875,9.2727,11.38405,1
"38"," 0542",8,13.136875,11.52456125,12.360530625,2
"39"," 05440",60,36.39625,11.1043,10.880525,1
"40"," 05443",37.1428571428571,22.4862928571429,16.3293314285714,16.5846603571429,7
"41"," 0549",28,14.4333125,19.00721875,16.78461484375,8
"42"," 0569",49,32.075,22.8415,19.601875,1
"43"," 0578",1,17.4941666666667,11.029925,13.214955,3
"44"," 0579",7.6,12.79,13.74434,13.23543975,5
"45"," 05919",31,4.60075,8.45865,9.9631,1
"46"," 0701",24,5.408875,13.302275,11.7736425,1
"47"," 0729",2.5,24.025625,12.6315,19.6513125,2
"48"," 0743",2.6,10.05525,10.4487645,12.2576695,5
"49"," 075",22,9.955,21.776,17.4713875,1
"50"," 0771",33.5,16.530625,18.5407875,14.40514375,2
"51"," 0774",64,7.6625,10.824,19.715,1
"52"," 0778",28,17.60625,15.3353,16.408825,1
"53"," 07799",28.8174603174603,16.4697446428571,16.1168918650794,16.1725342559524,126
"54"," 07810",31.5,34.8025,26.8844,18.72245,2
"55"," 0785",5,5.4625,8.0843375,12.60341875,1
"56"," 0790",2,29.5625,31.1335,21.77175,1
"57"," 0799",19,7.3975,14.889825,9.777525,1
"58"," 07999",15.1961165048544,14.3727612864078,14.6590317572816,14.4290218446602,515
"59"," 0846",38,12.535,14.21875,14.2025375,1
"60"," 0980",22,14.7786375,29.9707275,22.10935125,1
"61"," 1101",43,10.46375,10.161125,10.05230625,2
"62"," 1118",20,10.92375,5.682025,6.2453375,1
"63"," 1120",16,26.371875,39.56325,25.063,2
"64"," 1121",31,15.454625,11.1895833333333,16.2482833333333,3
"65"," 11284",40,6.223875,9.814275,10.8648625,1
"66"," 1279",25,11.121625,5.19255,8.253025,1
"67"," 1322",19,6.58375,8.29075,9.102025,1
"68"," 1629",58,3.793375,6.70065,19.51245,1
"69"," 1919",48,26.9,29.5435,25.302375,1
"70"," 1940",5,16.7,15.45351,10.06978,1
"71"," 20280",71,5.38875,8.39425,9.236,1
"72"," 2180",45,20.525,13.166775,15.2148875,1
"73"," 2189",46,0.298125,4.665225,7.7446125,1
"74"," 2391",61,8.8525,13.46995,9.804025,1
"75"," 2410",52,15.0375,14.61225,10.8868125,1
"76"," 2451",32,43.9375,44.43,33.63575,1
"77"," 2459",44,6.664875,8.67475,10.4510625,1
"78"," 25000",51,17.753125,22.8849375,18.0826,4
"79"," 25001",17.6666666666667,13.9232958333333,19.5955591666667,15.2661379166667,3
"80"," 25002",69.8333333333333,11.3647916666667,11.48875,11.6181020833333,6
"81"," 25003",30,14.371875,8.2297675,7.008043125,2
"82"," 25060",75,9.17875,12.68575,9.6126775,1
"83"," 25062",68,3.767,8.335175,8.8096875,1
"84"," 2508",70,8.825,9.5525,10.834375,1
"85"," 25080",61.1428571428571,14.6071428571429,12.88611,14.4755817857143,7
"86"," 25081",16,5.771875,9.7014375,9.6009125,2
"87"," 25082",46,6.63125,35.255,23.42925,1
"88"," 2510",71,29.75,28.606,23.559625,1
"89"," 2512",57.4375,13.1326953125,13.8262721875,12.347510703125,16
"90"," 2550",55,10.34375,11.17025,27.36425,1
"91"," 2554",76,10.12125,23.57425,21.290625,1
"92"," 2561",28,8.934375,10.0067625,14.90781875,2
"93"," 2564",19,0.404875,9.941475,11.1440875,1
"94"," 2704",16,8.4575,6.315025,7.19968125,1
"95"," 2730",15,3.793375,6.70065,19.51245,1
"96"," 2740",64.75,5.630746875,8.408324375,9.8744184375,4
"97"," 2749",57,8.286375,10.278259375,11.6642328125,8
"98"," 27541",49,13.475,10.509125,13.4891875,1
"99"," 27549",64.6666666666667,14.5041666666667,26.6411083333333,22.3968458333333,3
"100"," 2761",69.8,33.578625,18.87048,15.5568675,5
"101"," 27650",40.75,22.75125,19.669,17.590665625,4
"102"," 27651",39.88,16.045295,14.2880072,13.3267846,25
"103"," 2766",61,6.664875,8.67475,10.4510625,1
"104"," 2767",61,17.4865625,15.3887583333333,13.7605,6
"105"," 2768",34,4.3245,7.98765,7.5891625,1
"106"," 27731",31.6666666666667,10.449625,15.5060694444444,14.3902583333333,9
"107"," 2774",0,9.17875,12.68575,9.6126775,1
"108"," 2800",67,24.7125,23.89,17.6457625,1
"109"," 2809",22,12.65125,15.63,15.283875,1
"110"," 28241",29,14.828125,7.10415,8.188425,1
"111"," 28249",4,41.45,20.41925,16.8607625,1
"112"," 2826",39,8.825,9.5525,10.834375,1
"113"," 28260",5.85714285714286,9.34648214285714,12.9952935714286,12.9970155357143,14
"114"," 28262",16.5806451612903,14.3748512096774,16.5308304032258,16.2732312903226,62
"115"," 2829",9,4.8375,6.3352,10.460975,1
"116"," 2841",14,17.8875,28.297975,34.1714875,1
"117"," 2849",50,13.6789375,16.9766875,16.61936875,2
"118"," 28522",8.33333333333333,10.4233333333333,16.8568416666667,15.4939208333333,3
"119"," 2859",49.8181818181818,17.6377659090909,16.4039240909091,14.731025,11
"120"," 2864",63,8.8975,24.04425,21.2185,1
"121"," 2870",40,5.4996875,15.2495625,13.272375,2
"122"," 2872",5,0.298125,4.665225,7.7446125,1
"123"," 28731",19,19.9125,18.00275,16.3484,1
"124"," 2874",11,8.8975,24.04425,21.2185,1
"125"," 2875",20.5,20.0227291666667,21.8649716666667,18.06974625,6
"126"," 28803",13.3522727272727,16.4598809659091,14.9652120738636,14.9368790767045,88
"127"," 28860",11,35.1125,17.05475,21.01125,1
"128"," 28862",27,5.055,6.455675,7.2982875,1
"129"," 2888",22.5,8.7325,9.165975,11.00575,2
"130"," 2892",12.4,8.15025,15.400215,15.113915,5
"131"," 2893",17,9.84190277777778,13.5280305555556,17.5683088888889,9
"132"," 29040",80,9.30625,15.15125,13.4094125,1
"133"," 29212",53,17.51125,13.5325,13.6995375,1
"134"," 29289",20,15.0375,14.61225,10.8868125,1
"135"," 2948",78,3.112625,23.819775,16.4122625,1
"136"," 2952",40,3.75625,6.214525,5.36655625,1
"137"," 29590",30,8.18125,15.195,12.66125,1
"138"," 2960",26,12.06,14.69405,15.746825,1
"139"," 29600",35,36.39625,11.1043,10.880525,1
"140"," 29620",21,29.29875,11.6954,9.8558,1
"141"," 29630",70,13.64875,29.00175,20.98975,1
"142"," 29680",38,11.6459166666667,13.6047,14.0825166666667,3
"143"," 29689",25,29.75,28.606,23.559625,1
"144"," 29690",17,38.884375,29.72515,22.3066,2
"145"," 2981",33.75,12.42503125,24.46800625,22.46760625,4
"146"," 2989",39.9166666666667,10.0742770833333,13.623289375,14.1779321875,12
"147"," 30000",36.5202702702703,15.7576147381757,16.2394775422297,15.9270429856419,296
"148"," 30001",31.9038461538462,16.7342945913462,17.1181200961538,16.9748202644231,104
"149"," 30011",30.9333333333333,11.95275,15.0231366666667,16.0419534166667,15
"150"," 3003",41.75,49.8625,22.5535625,19.32049375,4
"151"," 3004",51,9.61709807692308,14.4936003846154,13.8421109615385,13
"152"," 30081",34,4.07,10.0615,8.5336625,1
"153"," 30082",58.3333333333333,7.05620833333333,9.29338333333333,9.80811666666667,3
"154"," 3009",21.3333333333333,29.9745833333333,19.310475,16.5636458333333,3
"155"," 30183",50,15.08,7.493775,7.0113375,1
"156"," 3050",27.3333333333333,20.9170833333333,20.56335,21.6391875,3
"157"," 30500",25.1341463414634,17.5874818597561,15.7181113109756,15.5946870884146,82
"158"," 30520",17,0.404875,9.941475,11.1440875,2
"159"," 30560",21,14.62125,16.37225,15.49225,1
"160"," 30590",23,8.715,5.9051,7.181875,1
"161"," 3061",25.5,13.789375,11.862025,10.390775,2
"162"," 3064",31.3333333333333,17.2134583333333,9.071295,10.0656141666667,3
"163"," 3069",37,2.444,6.2135,8.032875,1
"164"," 30746",1,11.69875,17.263,10.755905,1
"165"," 30781",35.4888888888889,15.1541965277778,14.8865719444444,14.4171526388889,90
"166"," 3079",35.8888888888889,15.6640277777778,14.4532955555556,12.7523781944444,9
"167"," 3089",30,27.78,14.977306,16.505461,5
"168"," 3090",28.6666666666667,9.53791666666667,8.7624825,7.83954041666667,3
"169"," 3102",54,17.6125,11.71525,13.3401875,1
"170"," 311",38.3636363636364,19.9343181818182,18.5073907954545,17.9079975,22
"171"," 3130",23,10.155,10.675825,11.8336625,1
"172"," 32723",50.5,12.0875,13.0796875,10.86474375,2
"173"," 33189",82,8.60675,14.506125,16.4299375,1
"174"," 3320",67.25,15.1328125,22.1844375,17.17941875,4
"175"," 3332",63,4.07,10.0615,8.5336625,1
"176"," 33385",43,9.0225,9.8947125,12.70139375,2
"177"," 33390",48,15.4625,8.41165,9.1129625,1
"178"," 33394",39,9.4425,9.6538,9.240525,1
"179"," 3340",53,4.49775,15.7339,17.4760125,1
"180"," 33520",69,42.6875,40.045,40.26375,1
"181"," 33720",30,5.4625,8.0843375,12.60341875,1
"182"," 33811",27.5,6.4994375,12.2902625,15.90325875,2
"183"," 33818",41.525,15.187445,16.969805875,15.98277453125,40
"184"," 33819",33,9.91875,12.9555,11.5085,1
"185"," 33828",44.3333333333333,11.3695833333333,11.3418,11.31065,3
"186"," 33829",28,7.17,6.4627,15.253475,1
"187"," 3383",20.625,12.158934375,11.5597964583333,13.2790838541667,24
"188"," 340",40.5,5.8375,6.8741775,7.941894375,2
"189"," 3429",62,5.46,15.5735,15.4544,1
"190"," 34290",66,12.0775,11.46755,8.8410375,1
"191"," 34500",12,15.874375,11.750975,12.71331875,2
"192"," 34510",19,13.2462239583333,16.0245129166667,16.1595804166667,24
"193"," 34520",5,4.14,11.076125,13.4804375,1
"194"," 3454",43,13.18625,14.99706,18.38653,1
"195"," 34550",10,4.25875,4.5185875,12.03741875,1
"196"," 34590",18.8,20.9438125,18.7392475,19.88801,10
"197"," 3460",29,16.3625,14.93775,11.5989375,1
"198"," 34600",21,4.60075,8.45865,9.9631,1
"199"," 3462",20.5,14.85625,21.212375,20.19333125,2
"200"," 34620",40,17.4771875,17.60571875,19.034429375,4
"201"," 3469",58.5,19.8725625,10.9217625,13.37798125,2
"202"," 34690",34.15859030837,16.2874290198238,16.2554087334802,16.0125506112335,227
"203"," 34691",23,15.8725,13.866575,12.806325,1
"204"," 3490",29.6,8.38575,10.362185,12.06698225,5
"205"," 34981",75,51.125,33.19325,22.2286125,1
"206"," 3501",49.25,15.70315625,14.9767625,16.207184375,4
"207"," 3510",41.4583333333333,15.4212114583333,15.4721766666667,15.5436875,24
"208"," 3540",33.25,19.52770625,21.444663125,18.6273659375,4
"209"," 3542",33.5,29.28375,25.6501625,19.45545625,2
"210"," 3549",10,37.08125,33.257975,38.2677375,1
"211"," 3556",46,20.9775,13.21225,28.663625,1
"212"," 3570",7,14.58,13.4954,13.0222825,1
"213"," 35800",27,5.78375,10.234,15.641625,1
"214"," 36000",54,5.035,15.534,12.4598125,1
"215"," 36041",7,11.98,11.746075,12.6397875,1
"216"," 3619",54.5,14.815625,18.48479375,19.627671875,4
"217"," 36230",36,5.55375,12.29375,11.1176125,1
"218"," 36320",29,17.1225,12.0845,13.3013125,1
"219"," 36400",60,5.5125,5.19855,6.003375,1
"220"," 3643",42.4285714285714,18.2874392857143,23.4676628571429,23.9078725,7
"221"," 36441",20,16.7,15.45351,10.06978,1
"222"," 36500",53,7.368125,8.70325,8.709549375,2
"223"," 36520",48,41.1625,49.9975,39.7705,1
"224"," 36522",60.1666666666667,28.2218875,17.1331358333333,17.0688720833333,6
"225"," 36552",67,22.6375,8.82725,7.2220125,1
"226"," 3659",55.5,7.640625,11.1806325,11.81601625,2
"227"," 3679",53,2.53875,12.3295,14.2355,1
"228"," 36813",43.4,13.693,19.309605,20.69626,5
"229"," 3682",65,10.5584583333333,11.8033,18.728275,3
"230"," 36844",12,11.61125,9.251,8.76072375,1
"231"," 3688",42.3461538461538,16.8862110576923,16.0642841346154,15.6291736057692,26
"232"," 36900",82,10.9125,11.667575,13.6487875,1
"233"," 36920",12,8.3025,12.2928,8.9231625,1
"234"," 3698",51.2,13.2125,19.372667,15.9354785,5
"235"," 3699",59,23.43103125,18.490228125,21.2204890625,4
"236"," 37000",38.6666666666667,10.54625,12.2732741666667,12.4887245833333,3
"237"," 37021",32.75,9.21303125,10.92641875,11.3119296875,8
"238"," 37024",28,8.8975,24.04425,21.2185,1
"239"," 37040",34,10.2550416666667,15.3698666666667,17.334185,3
"240"," 3709",28.7333333333333,14.5713166666667,12.8055236666667,15.0736596666667,15
"241"," 37120",70,8.3175,6.9179475,7.20586125,1
"242"," 37123",55,6.664875,8.67475,10.4510625,1
"243"," 37140",37,14.9875,14.81225,15.609875,1
"244"," 37182",28.5,15.594,15.901105,16.8362275,10
"245"," 37200",25,9.91875,12.9555,11.5085,1
"246"," 37201",20,12.3125,10.75275,13.3175833333333,3
"247"," 37205",34,15.71375,16.80575,23.4174875,1
"248"," 37214",26.4838709677419,15.9468891129032,14.56487125,14.0038721572581,62
"249"," 37220",50,14.4,17.48235,17.057375,1
"250"," 37230",25.5,11.0987553571429,13.2294407142857,12.0948123214286,14
"251"," 37261",56,6.59125,8.1409,8.8800875,1
"252"," 37272",36.7391304347826,18.028722826087,16.9514767934783,15.9017929619565,46
"253"," 3729",51,15.28625,14.8621,13.27875,1
"254"," 37300",42.1111111111111,20.1331944444444,14.7340791666667,15.8596548611111,9
"255"," 37311",39.5789473684211,12.6583618421053,12.3886715789474,13.5956129605263,19
"256"," 37313",28.75,9.7409375,11.046475,12.224225,4
"257"," 3732",35.3214285714286,12.7330379464286,13.6982245535714,14.7481234821429,28
"258"," 37482",27,13.7168958333333,11.7699279166667,11.591750625,6
"259"," 37500",42,18.1875,30.2345,20.383875,1
"260"," 37515",36.9803921568627,11.4402264705882,13.3055269117647,13.4634388480392,51
"261"," 37530",52.5,6.0425,10.3477,11.08365,2
"262"," 37600",36,22,10.103625,17.4688125,1
"263"," 37611",21,4.14,11.076125,13.4804375,1
"264"," 37651",60,10.9125,11.667575,13.6487875,1
"265"," 37800",3,12.06,14.69405,15.746825,1
"266"," 37840",21,72.625,31.525,21.11125,1
"267"," 37887",24,15.4375,9.9133,8.4036125,1
"268"," 37900",18.8,21.001775,20.761345,19.15152,5
"269"," 37921",54.1428571428571,11.0407142857143,12.8109392857143,11.5270355357143,7
"270"," 37922",78,13.24125,17.218,11.83563,1
"271"," 37923",68,17.889375,15.1587583333333,18.89455,3
"272"," 37924",63.25,45.31875,26.1217875,21.60060625,4
"273"," 37990",29.6666666666667,11.6830833333333,9.45622166666667,10.2965441666667,3
"274"," 37991",37.25,18.7507986111111,18.7056491666667,16.4759845138889,36
"275"," 37992",24.695652173913,18.380772826087,16.9311165217391,17.7222532065217,23
"276"," 37993",37.3362831858407,15.5131956858407,15.2691131415929,15.3726966924779,113
"277"," 37999",42.4,17.93675,12.37649,11.57246725,5
"278"," 38003",60,7.56875,12.41,14.02828,1
"279"," 38010",29.7181818181818,14.8420898863636,15.7075185227273,15.8724825454545,110
"280"," 38011",33.5,12.169375,26.1155875,21.313975,2
"281"," 38030",31,3.0525,9.85225,19.738125,1
"282"," 3804",38.6197183098592,14.7974288732394,15.0022226408451,15.2127687852113,71
"283"," 38110",6,22.7575,13.517725,14.203775,1
"284"," 3814",27.875,9.56117890625,15.70025609375,16.847420234375,16
"285"," 38181",29,10.9839583333333,14.201875,13.3284041666667,3
"286"," 3824",7.33333333333333,17.248125,13.006775,11.91820625,6
"287"," 3829",7.98753117206983,18.4628164900249,17.3220828553616,17.2790560130923,401
"288"," 38400",23.25,17.91625,13.01113125,12.08114375,4
"289"," 38420",28.3333333333333,18.953125,18.2217166666667,16.9454270833333,6
"290"," 38500",12,23.3375,14.6865,12.5661125,1
"291"," 38582",23,9.195375,14.186325,15.9241625,1
"292"," 3859",5,43.9375,44.43,33.63575,1
"293"," 38610",44,8.5685975,17.1898765,13.12035225,5
"294"," 38611",47.525974025974,14.3190084415584,14.3879385714286,15.202775974026,154
"295"," 38612",33.5,10.4975,12.438475,13.1679875,2
"296"," 38630",40.4285714285714,10.7316071428571,15.5949125,13.3994258928571,7
"297"," 3864",46,35.08125,28.8152875,24.02897625,2
"298"," 38812",27,7.945,9.619275,8.6868625,1
"299"," 38830",50.5,24.17903125,21.0077125,19.5194078125,8
"300"," 38860",22.3333333333333,11.5906666666667,14.0706829166667,15.56496,6
"301"," 38869",47.75,17.838125,15.57074375,13.55032,4
"302"," 3887",6,4.5925,24.198975,29.3769875,1
"303"," 38870",21.7397769516729,14.8087340148699,14.3696725,14.7769423977695,269
"304"," 3888",26.3333333333333,11.3583333333333,20.1669658333333,18.4595120833333,3
"305"," 3899",71,14.029375,15.1089,16.7229875,2
"306"," 4019",61.5342789598109,15.9673041962175,16.581925821513,16.8551975118203,423
"307"," 40390",56,42.3875,18.51325,16.33703,1
"308"," 41040",53.5,29.908125,17.0214,11.47199375,2
"309"," 4109",72,5.78375,10.234,15.641625,1
"310"," 4111",54.6875,11.1431953125,10.834815625,12.4963765625,16
"311"," 4139",60,9.30625,15.15125,13.4094125,1
"312"," 4254",75,19.3,22.3125,16.8445125,1
"313"," 4270",60.875,12.2042796875,14.1338884375,14.47607703125,8
"314"," 4271",22,17.51125,13.5325,13.6995375,1
"315"," 42731",59.6538461538462,17.8829899038462,15.7439820192308,15.6402491826923,26
"316"," 42732",70.8333333333333,13.271625,14.3341416666667,17.2162283333333,6
"317"," 4275",67.2280701754386,14.7278938596491,16.0678076315789,16.3829710526316,57
"318"," 42760",48,13.18625,14.99706,18.38653,1
"319"," 42761",77,6.800375,9.85585,10.5077275,2
"320"," 42769",50.6666666666667,10.7483333333333,17.1571666666667,22.4212916666667,3
"321"," 42781",87,55.175,18.35375,13.704875,1
"322"," 42789",47.843137254902,13.9220784313725,14.3933008823529,15.149388627451,51
"323"," 4280",71.1875,19.42799296875,19.44453453125,17.625477421875,16
"324"," 4281",83,16.825,11.401525,13.4275175,1
"325"," 43411",85,19.3,22.3125,16.8445125,1
"326"," 43491",64,17.6208333333333,18.1958333333333,13.9789,3
"327"," 4359",67.2,8.702975,14.9504625,19.89663125,5
"328"," 4372",81,20.9375,43.2775,38.83875,1
"329"," 4377",63,12.0775,11.46755,8.8410375,1
"330"," 4423",78,8.18125,15.195,12.66125,1
"331"," 4430",81,3.53275,7.005825,7.4967375,1
"332"," 4439",72,8.485,11.3135,17.5485,1
"333"," 44422",48,4.5925,24.198975,29.3769875,1
"334"," 4476",67,4.17625,5.553525,5.6928875,1
"335"," 4510",71,0.298125,4.665225,7.7446125,1
"336"," 4512",63,3.23625,6.1381,10.6898,1
"337"," 45189",36,13.3875,10.674075,13.0732875,1
"338"," 4519",76,29.75,28.606,23.559625,1
"339"," 45340",76,9.30625,15.15125,13.4094125,1
"340"," 45341",61,8.5475,12.503075,15.2529125,1
"341"," 45342",63,36.39625,11.1043,10.880525,1
"342"," 4548",66,4.74875,9.599575,11.1426625,1
"343"," 4549",48.5,7.34925,8.956503125,11.6917265625,4
"344"," 4552",45,24.67775,16.407915,15.050245,5
"345"," 4553",29,10.1875,9.2842,10.80685,1
"346"," 4554",27.0714285714286,19.1805357142857,14.7212217857143,15.6895016964286,14
"347"," 4555",45.8,11.304475,11.871955,13.2396125,5
"348"," 4557",34.5,15.369375,11.4648875,11.5691375,2
"349"," 4558",49.8666666666667,12.5228616666667,18.4265531666667,15.6334499166667,15
"350"," 4564",22.5,13.895,16.139125,18.5807,2
"351"," 4571",73,4.25875,4.5185875,12.03741875,1
"352"," 4580",61.625,17.03515625,14.333659375,16.75806875,8
"353"," 45821",66,7.83625,7.6408,8.694,2
"354"," 4589",70.5,25.8684375,15.01918125,15.391971875,4
"355"," 45910",39,15.8725,13.866575,12.806325,1
"356"," 4592",28,14.56875,13.20475,13.1464125,1
"357"," 45981",62,20.55375,43.55825,29.122375,1
"358"," 45989",42,20.9204545454545,16.5947022727273,17.3343806818182,11
"359"," 460",19.6428571428571,17.3550446428571,16.4780160714286,15.8707316071429,14
"360"," 4610",50.6666666666667,12.2004166666667,17.5761958333333,20.9190520833333,3
"361"," 4611",30,10.12125,23.57425,21.290625,1
"362"," 4613",36.5,8.065,9.33969875,15.137036875,2
"363"," 4618",9,12.48125,9.691275,10.643825,1
"364"," 4619",20.7826086956522,15.9131956521739,14.8408658695652,16.288488423913,23
"365"," 462",24.1444444444444,15.1118549537037,15.0598297083333,14.9227938912037,540
"366"," 463",15.7545045045045,15.7014113175676,15.8820694313063,16.0206713091216,444
"367"," 46400",17.8571428571429,11.7193821428571,18.3442964285714,17.1177757142857,7
"368"," 46410",13,11.98625,15.2415,23.1875,1
"369"," 46420",5,9.83375,11.376525,12.2057675,1
"370"," 46430",23,6.02125,6.5289,12.065325,1
"371"," 4644",3.53424657534247,17.3150503424658,15.888482260274,16.1758719349315,73
"372"," 4658",14,26.2033333333333,23.9779291666667,20.5118191666667,6
"373"," 4659",19.8507462686567,15.9791956823028,16.6736668896589,16.3628886540512,938
"374"," 4660",25.6136363636364,16.2552926136364,16.4759484090909,15.3348154545455,44
"375"," 46619",0.521739130434783,15.2200902173913,16.5297773913043,18.1136913043478,23
"376"," 4738",44,18.47125,29.87675,23.59955,2
"377"," 4739",31.8055555555556,16.4858055555556,15.198075,15.5072745486111,36
"378"," 47400",32,18.525,17.66275,14.205375,1
"379"," 47412",8,4.46925,7.8881,13.322425,1
"380"," 475",16.3333333333333,11.37375,13.661025,12.006575,3
"381"," 4770",14,5.625,6.1137,9.454675,1
"382"," 4772",9,10.81125,13.48475,14.509375,1
"383"," 4779",27.5555555555556,14.8331944444444,13.0966138888889,11.9223041666667,9
"384"," 47819",19.0952380952381,15.0336738095238,14.5651517857143,14.629712297619,105
"385"," 47829",36,7.53375,44.823,30.4801125,1
"386"," 4786",45,14.735,8.260125,9.09135,1
"387"," 47879",67,6.64875,9.466,12.1210375,1
"388"," 4809",1,20.9775,13.21225,28.663625,1
"389"," 485",2.66666666666667,7.28958333333333,11.6493333333333,20.9178333333333,3
"390"," 486",24.8275862068966,16.0318820043103,15.3495790301724,15.6712779418103,116
"391"," 4871",13.9381443298969,15.7757216494845,14.4639825,14.0073211984536,97
"392"," 490",23.0281690140845,16.4609716549296,16.6698131690141,16.0373954225352,71
"393"," 49121",69.6166666666667,17.434670625,13.890058875,13.9586946458333,60
"394"," 4919",43,6.223875,9.814275,10.8648625,1
"395"," 49300",56,47.655,39.63275,25.262125,1
"396"," 49321",47,10.46125,9.95405,8.5591125,1
"397"," 49322",17,44.275,18.38975,14.78,1
"398"," 49382",5.33333333333333,2.87220833333333,12.8764333333333,16.7970958333333,3
"399"," 4939",11,7.16625,43.1135,29.959625,1
"400"," 49390",17.5703125,15.7632689453125,16.6617573242188,16.30816859375,128
"401"," 49392",17.7156398104265,14.730089514218,16.3613448459716,16.0809573341232,211
"402"," 4940",78,12.13125,13.5335,15.598125,1
"403"," 496",77,7.19875,11.13533375,14.058080625,4
"404"," 5063",48.5,26.953125,22.32975,25.8476275,2
"405"," 5070",56.3333333333333,12.0894166666667,10.2379783333333,9.11658916666667,3
"406"," 5110",26,22.4875,11.752915,12.8532075,1
"407"," 5119",68.3,15.4081375,16.62653225,14.122763625,10
"408"," 5128",21,6.905125,27.337325,22.62694375,2
"409"," 514",76,30.883125,13.247325,11.29248125,2
"410"," 51881",72,7.56875,12.41,14.02828,1
"411"," 51882",17,11.60625,10.07775,11.2904125,1
"412"," 51884",34,4.158625,9.139475,26.6768625,1
"413"," 51900",74,4.25875,4.5185875,12.03741875,1
"414"," 51909",80,5.55375,12.29375,11.1176125,1
"415"," 5192",34,14.79,6.8082,17.904975,1
"416"," 5198",14,16.8340625,12.9339596428571,13.5877003571429,14
"417"," 5207",0,15.67,11.596375,18.3353125,1
"418"," 52100",21,2.828825,7.382765,8.4490075,1
"419"," 52130",27,12.55,28.91,23.649875,1
"420"," 5225",32.4,21.99925,14.90181,13.225836,5
"421"," 52310",32.5,14.0480625,13.03774375,12.721909375,4
"422"," 52330",20,15.08,7.493775,7.0113375,1
"423"," 5238",37.5,17.41440625,20.38969375,16.2153465625,4
"424"," 52460",19,29.5625,31.1335,21.77175,1
"425"," 52462",48.7142857142857,14.0507678571429,19.5318178571429,16.9234521428571,7
"426"," 52464",34,16.7,15.45351,10.06978,1
"427"," 5259",24.5833333333333,14.415,21.0298979166667,17.0171720833333,12
"428"," 5264",7,7.59,11.27825,20.032875,1
"429"," 5269",34,12.9162321428571,15.8345571428571,14.4502642857143,7
"430"," 5271",11,13.64875,29.00175,20.98975,1
"431"," 5272",30.9,9.17389375,11.76160475,13.318951,10
"432"," 5273",35,22,10.103625,17.4688125,1
"433"," 5275",38.6666666666667,7.29259375,11.4530979166667,14.3032939583333,6
"434"," 5277",51,21.625,16.344625,14.45725625,2
"435"," 5278",25,12.65125,15.63,15.283875,1
"436"," 52800",22.6666666666667,6.58916666666667,6.754095,9.27458083333333,3
"437"," 5282",11.8888888888889,18.6433208333333,17.5366894444444,16.6394530555556,9
"438"," 5285",15,4.93829166666667,13.061425,12.7886541666667,3
"439"," 5289",30.5,9.32770833333333,8.28770375,9.00508104166667,6
"440"," 5290",32,28.738125,23.2102575,16.71987875,2
"441"," 5298",3,25.91125,16.43225,18.09965,1
"442"," 53010",23.8,14.748825,15.168314,13.569332,5
"443"," 5305",37,12.9375,11.78575,10.8699,1
"444"," 5307",63.5,18.790625,16.356875,12.783,2
"445"," 5308",0,12.0775,11.46755,8.8410375,1
"446"," 53081",30.8611111111111,16.7087229166667,16.0253989583333,16.0238747222222,72
"447"," 53390",19,10.65,16.4182375,15.378825,4
"448"," 53500",27.125,14.2210369791667,15.3064161458333,14.35456375,24
"449"," 53530",27.3333333333333,12.2739166666667,13.3882125,14.5996433333333,6
"450"," 5355",39.5,7.8275,10.370425,11.4028875,2
"451"," 53550",20.2127659574468,15.4587087765957,15.0746515425532,14.6224151861702,141
"452"," 53641",13,3.9225,7.62,23.556875,1
"453"," 5368",47.6363636363636,17.1696022727273,19.1150204545455,18.9092852272727,11
"454"," 5379",21,16.825,11.401525,13.4275175,1
"455"," 5400",80,29.5625,31.1335,21.77175,1
"456"," 5409",48,8.41891666666667,11.878875,12.0288416666667,3
"457"," 541",19,23.9833333333333,17.1982041666667,14.9649958333333,6
"458"," 55010",12.5,12.166875,17.151625,15.9848125,2
"459"," 55011",75,13.64875,29.00175,20.98975,1
"460"," 5509",62,9.955,21.776,17.4713875,1
"461"," 55090",23.6666666666667,20.4054166666667,9.15535916666667,8.57093375,3
"462"," 55091",19,3.767,8.335175,8.8096875,1
"463"," 55092",47,9.828,10.3556416666667,10.2727708333333,3
"464"," 5521",54,1.5875,9.2727,11.38405,1
"465"," 5530",32,13.04125,13.6844,12.0391575,1
"466"," 55321",68,15.1375,12.79565,12.2742825,1
"467"," 55329",38,8.825,9.5525,10.834375,1
"468"," 5550",35.5,17.338125,22.4834125,25.44785,2
"469"," 5552",56.5,17.313125,16.170125,13.83608125,2
"470"," 5569",30.3333333333333,14.3379166666667,14.3269166666667,10.3300845833333,3
"471"," 558",10,12.79625,9.5675,11.893125,1
"472"," 5589",24.7704117236567,14.6060150209351,14.3970321423587,14.5857994548151,1433
"473"," 56039",48.8333333333333,15.4792361111111,16.8573838888889,19.3155211111111,18
"474"," 56081",59,9.83375,11.376525,12.2057675,1
"475"," 56211",51.4444444444444,14.2493611111111,14.2146913888889,13.4631734722222,9
"476"," 56400",30.0721649484536,13.8189163659794,14.7941287628866,14.699467435567,97
"477"," 5641",33.0625,13.53303125,15.36599140625,14.539820703125,16
"478"," 5642",44,16.3625,14.93775,11.5989375,1
"479"," 5650",33.6190476190476,9.54582738095238,11.991401547619,11.9299254761905,21
"480"," 566",29.1666666666667,19.3225770833333,20.74409875,18.5770858333333,12
"481"," 5672",7,22.4875,11.752915,12.8532075,1
"482"," 5693",48,18.83640625,15.74203203125,14.71083125,16
"483"," 56942",29.6666666666667,15.1478755952381,14.9803388095238,15.8372877380952,21
"484"," 56962",66,33.685,18.39275,14.75025,1
"485"," 570",24,43.9375,44.43,33.63575,1
"486"," 5712",49,11.7575,13.22975,14.842625,1
"487"," 5715",59.75,20.1634375,19.64703125,21.4009375,4
"488"," 5722",50,7.029625,9.13065,11.3754,3
"489"," 5733",73,4.632625,4.788775,5.7447125,1
"490"," 57400",33,4.8375,6.3352,10.460975,1
"491"," 57410",45,9.668625,10.056225,16.05338125,2
"492"," 57420",45.5263157894737,16.7669144736842,15.1623077631579,14.0578733552632,19
"493"," 5743",42,12.6275,11.99675,11.550525,1
"494"," 57450",56.75,14.219375,11.80588125,12.024395625,4
"495"," 5750",56,20.9341666666667,15.0338416666667,15.7125729166667,3
"496"," 57510",50,7.478,11.789505,10.2972835,5
"497"," 57512",51,17.8875,28.297975,34.1714875,1
"498"," 5768",48,19.4625,13.03501,9.11678,1
"499"," 5770",42.5,22.585625,26.7445,21.749128125,4
"500"," 5771",63,35.1125,17.05475,21.01125,1
"501"," 5780",26.5384615384615,16.2002509615385,20.0809136538462,19.0560154807692,13
"502"," 5781",32.8214285714286,18.5674821428571,16.634130625,15.9202357589286,28
"503"," 5789",55,11.1828194444444,13.7056627777778,12.8503513888889,9
"504"," 5798",0,7.571875,8.328125,14.780271875,2
"505"," 5849",62.6,27.35,18.29085,15.671531,5
"506"," 5856",51,6.868125,8.91065,6.7657875,1
"507"," 5859",93,6.59125,8.1409,8.8800875,1
"508"," 586",84,24.375,10.485575,11.0660775,1
"509"," 5889",14,9.82125,6.787765,8.1776325,1
"510"," 5900",64,15.53125,11.776325,13.2942875,1
"511"," 59010",46.75,18.3134375,17.347596875,14.3807390625,4
"512"," 59080",37.7407407407407,14.3281712962963,14.2648634259259,15.9486377314815,27
"513"," 591",37,4.0778,19.89906,16.5550425,1
"514"," 5920",45.2906976744186,14.769164244186,16.3286922383721,15.496722122093,86
"515"," 5921",46.1914893617021,18.0051675531915,16.3801007446809,15.3712049468085,47
"516"," 5929",53,5.215375,13.088075,12.4322,1
"517"," 5939",74,18.1625,19.76705,17.314575,1
"518"," 5941",41,17.6375,10.6947,10.62048125,2
"519"," 5942",51,6.36875,6.563925,7.7513125,1
"520"," 5952",74,12.535,14.21875,14.2025375,1
"521"," 5959",30.4444444444444,14.0193958333333,12.9211111111111,12.6732209722222,18
"522"," 59780",27.2,18.1269,17.88363,19.525925,5
"523"," 5990",34.3688888888889,15.4761097222222,16.5507007777778,16.4683680222222,225
"524"," 5992",71,13.605,45.067,34.6329875,1
"525"," 5997",51.0277777777778,17.5669133680556,16.5228426388889,16.4608539930556,72
"526"," 59970",11.5,2.8500625,6.4251375,8.69980625,2
"527"," 59971",27,15.27625,14.518125,14.0253125,1
"528"," 5998",4,4.158625,9.139475,26.6768625,1
"529"," 60000",70.3333333333333,15.62375,24.7241916666667,21.5396166666667,3
"530"," 60001",75.5,7.17875,25.969625,19.27004375,2
"531"," 6010",70.5,30.5984375,21.454375,20.86665625,4
"532"," 6019",60.3333333333333,29.04875,24.0644166666667,20.9970125,3
"533"," 6039",19.5,14.5375,12.044525,13.33073125,2
"534"," 60490",28.0869565217391,17.3096451086957,15.7930622826087,16.4020782065217,23
"535"," 607",4,6.795,9.8033,8.0591625,1
"536"," 6071",0,1.4025,4.36665,8.046825,1
"537"," 6072",28,7.34625,13.6918375,14.44341875,1
"538"," 60783",28,1.4025,4.36665,8.046825,1
"539"," 60789",22,10.4924375,21.8872375,29.18693125,2
"540"," 6079",21,19.15875,34.4785,26.139375,2
"541"," 6082",34,9.5025,8.9387,11.446225,1
"542"," 60820",25,14.62125,16.37225,15.49225,1
"543"," 60886",12.8333333333333,11.6608333333333,11.6384645833333,11.925655625,6
"544"," 6089",24.78,21.169315,17.3685313,18.3168433,50
"545"," 6110",40.3333333333333,16.1420416666667,12.6539805555556,12.3011338888889,9
"546"," 61171",32.5,14.35615625,11.9504859375,13.59264140625,8
"547"," 61172",13,6.28221875,11.99731875,11.807353125,2
"548"," 61179",21,4.0425,11.64658,9.3014275,1
"549"," 6149",29.6666666666667,13.8191666666667,12.9347333333333,13.3857958333333,3
"550"," 61610",20.8333333333333,20.9820833333333,14.5526875,13.3231083333333,6
"551"," 6162",45.5,11.115625,13.0741625,12.7887875,2
"552"," 6163",31,51.125,33.19325,22.2286125,1
"553"," 6164",43,21.7191666666667,18.977675,18.6645375,3
"554"," 61689",24,13.27625,16.4555,14.523875,1
"555"," 6179",30.5,10.01125,11.3956625,12.08011375,2
"556"," 6200",34.5,13.08625,10.2068875,10.805308125,2
"557"," 6201",31,9.58875,10.411825,12.58945,1
"558"," 6202",30.6666666666667,20.0007291666667,15.2573166666667,16.7949039583333,6
"559"," 6235",29.6666666666667,17.1487208333333,16.8821069444444,16.2387040277778,9
"560"," 6238",39.3235294117647,18.7824632352941,16.8196642647059,14.9422018382353,34
"561"," 6239",28,18.3125,18.75675,22.74575,1
"562"," 6250",21,8.8525,13.46995,9.804025,1
"563"," 6252",26.9285714285714,14.0135089285714,17.1811857142857,16.2247670535714,14
"564"," 6253",24.06,14.41181775,13.6644494,13.577645125,50
"565"," 6254",19,5.78375,10.234,15.641625,1
"566"," 6258",63,3.9225,7.62,23.556875,1
"567"," 6259",33.75,12.5340625,13.6969458333333,13.4466185416667,12
"568"," 6262",39.2,16.956,15.226675,16.7753766666667,15
"569"," 6263",29,7.15,5.8905,7.707625,1
"570"," 6264",31,8.776096875,13.305663125,11.3635565625,4
"571"," 6265",14,5.964375,14.965125,14.0849375,1
"572"," 6266",50,3.793375,6.70065,19.51245,1
"573"," 6267",22.875,20.826625,18.20429375,16.1979890625,8
"574"," 6268",43.25,15.0434375,20.142736875,20.7210090625,4
"575"," 6270",50,11.1675,19.007,17.00203,1
"576"," 6271",67.5,17.229375,14.4676625,16.67628125,2
"577"," 6272",47,2.53875,12.3295,14.2355,1
"578"," 6280",29,14.9875,14.81225,15.609875,1
"579"," 6299",53,28.3125,27.482,17.667625,1
"580"," 632",29.4166666666667,11.7112604166667,13.67478,13.0678004166667,12
"581"," 63390",26.5,19.3225,11.88185,13.6054875,2
"582"," 6349",29,42.6875,40.045,40.26375,1
"583"," 63490",30.3333333333333,7.281375,17.7726333333333,14.6245125,3
"584"," 63492",31,24.9875,10.24501,8.64953,1
"585"," 63590",35,7.945,9.619275,8.6868625,1
"586"," 63790",28,14.56875,13.20475,13.1464125,1
"587"," 63791",30.6666666666667,9.4321875,13.8833060416667,14.6272359375,12
"588"," 63792",31.875,20.528140625,16.2348840625,15.43645734375,8
"589"," 6400",24,6.59125,8.1409,8.8800875,1
"590"," 64003",29.8059701492537,15.1080718283582,15.1870539925373,14.8792642537313,67
"591"," 64093",30.9,22.6375875,19.971526375,17.3828328125,20
"592"," 64113",26,14.4,17.48235,17.057375,1
"593"," 64123",28,16.13125,17.662,16.69795,1
"594"," 64183",29,14.7786375,29.9707275,22.10935125,1
"595"," 6419",27.5,7.3188125,7.8307375,10.15073125,2
"596"," 64193",30.6,17.2975275,17.5508858333333,16.9502201666667,30
"597"," 64233",30,1.4025,4.36665,8.046825,1
"598"," 64303",31.25,25.25734375,28.4371625,22.8340109375,8
"599"," 64313",27,10.6851666666667,11.0726666666667,14.1468083333333,3
"600"," 64323",26,4.14,11.076125,13.4804375,1
"601"," 64393",30.6666666666667,7.70958333333333,11.8314416666667,13.2267725,3
"602"," 6441",34,31.15,16.10775,10.999125,1
"603"," 64613",31,5.5125,5.19855,6.003375,1
"604"," 64663",22,75.4375,42.2575,33.12975,1
"605"," 64683",34,13.24125,17.218,11.83563,1
"606"," 64763",24,7.42,17.60175,33.799625,1
"607"," 64803",25,8.18125,15.195,12.66125,1
"608"," 6484",25.5,30.31875,13.21904375,13.154146875,2
"609"," 64943",26,15.53125,11.776325,13.2942875,1
"610"," 64953",30.5277777777778,16.90740625,15.4457050694444,16.7103420138889,36
"611"," 6539",51,4.632625,4.788775,5.7447125,1
"612"," 6581",25,13.27625,16.4555,14.523875,1
"613"," 6599",55,1.5875,9.2727,11.38405,1
"614"," 66624",35,19.9125,18.00275,16.3484,1
"615"," 66884",38,51.125,33.19325,22.2286125,1
"616"," 67414",44,19.3125,12.59225,9.71895,1
"617"," 6743",36,1.5875,9.2727,11.38405,1
"618"," 67434",24,40.125,46.7925,37.13725,1
"619"," 6752",25,23.3375,14.6865,12.5661125,1
"620"," 6761",20,8.18125,15.195,12.66125,1
"621"," 6800",59,15.8725,13.866575,12.806325,1
"622"," 6803",51,19.07625,16.4075,12.7953125,1
"623"," 68100",36.5454545454545,15.9103901515152,16.0478926515152,15.539884469697,33
"624"," 68102",34.9166666666667,13.8016197916667,14.8724696875,15.2127239583333,24
"625"," 68110",28.8,13.703,11.7582245,10.50409725,10
"626"," 68111",39.8571428571429,12.7688125,14.5696557142857,15.4198748214286,14
"627"," 6820",34.0416666666667,15.7967291666667,15.4333122916667,16.43736578125,24
"628"," 6821",61.5,9.051875,11.8928875,11.493475,2
"629"," 6822",40.6428571428571,22.1068325892857,18.8862927678571,20.1806678125,28
"630"," 6823",36.7727272727273,16.7708607954545,15.7186494318182,15.5842731818182,44
"631"," 6824",36.8125,11.18168046875,14.0716890625,15.753723125,16
"632"," 6825",39.25,10.7247104166667,12.4670220833333,14.1655508333333,12
"633"," 6826",42.0151515151515,16.0303693181818,15.6073307575758,16.0744581628788,66
"634"," 6827",35.3428571428571,11.7334928571429,12.7618578571429,13.6769568214286,35
"635"," 6828",31.6666666666667,27.8808333333333,24.9097666666667,21.6742266666667,3
"636"," 6829",39.75,9.974375,17.8313125,14.9128946875,4
"637"," 684",11.5,9.565,8.8182875,10.17370625,2
"638"," 6850",21,13.2610357142857,17.7270758928571,18.7860946428571,14
"639"," 6851",25,15.1050535714286,13.5507428571429,15.3169957142857,7
"640"," 6860",85,10.92375,5.682025,6.2453375,1
"641"," 6868",12.5,21.338125,16.987125,13.7143125,2
"642"," 6869",22,18.9363777777778,22.0320561111111,21.2433363888889,9
"643"," 6910",0.5,13.96028125,18.34744625,24.7176075,4
"644"," 6918",8.25,31.8240625,16.62034375,15.693203125,4
"645"," 69271",26.2352941176471,12.2985308823529,11.7532461764706,11.8891989705882,17
"646"," 69272",58.5,13.17175,14.13935,12.78655625,2
"647"," 69276",31,10.78096875,12.133025,13.28775625,4
"648"," 69289",23,15.08,7.493775,7.0113375,1
"649"," 6929",22.3214285714286,13.0583584821429,14.913205625,15.5908734375,28
"650"," 6930",38.7272727272727,17.8748977272727,13.6054081818182,14.5500029545455,11
"651"," 6931",14.6666666666667,6.00054166666667,8.58448333333333,9.98382583333333,3
"652"," 6951",55,12.0775,11.46755,8.8410375,1
"653"," 69589",60,30.7875,18.74175,23.2185,1
"654"," 6959",45.6,18.6315,12.2136795,11.48073225,5
"655"," 6963",38,11.5684583333333,13.9926083333333,14.9193875,3
"656"," 6981",28,25.5686666666667,18.5807133333333,15.1346691666667,6
"657"," 6989",39.85,15.822594375,15.205423125,13.613463125,20
"658"," 700",19.6666666666667,15.8869166666667,19.2696333333333,17.2684208333333,6
"659"," 7018",82,11.98,11.746075,12.6397875,1
"660"," 7019",42,2.53875,12.3295,14.2355,1
"661"," 7028",28,0.900125,6.893925,6.728925,1
"662"," 7030",26.76,16.189591,16.5533601,16.345416425,50
"663"," 7038",38,10.69875,13.550825,14.5621625,1
"664"," 70400",33,12.075,17.1225,14.454125,1
"665"," 7048",31.8,28.47179375,20.06942125,17.714541875,10
"666"," 70583",22.5,22.69375,13.0386,11.3631125,2
"667"," 7062",38.6153846153846,13.3462596153846,13.5879519230769,12.7210115384615,13
"668"," 70700",81,11.87125,14.16081,18.236655,1
"669"," 70703",40.5,19.14875,20.5545375,19.40626875,2
"670"," 70709",34,43.9375,44.43,33.63575,1
"671"," 70710",68.5,13.6175,18.6551125,21.177293125,2
"672"," 7078",77,16.7,15.45351,10.06978,1
"673"," 7080",28.5833333333333,12.229015625,13.081440625,13.3282623958333,12
"674"," 7088",20,9.20458333333333,12.1556333333333,12.7519958333333,3
"675"," 7089",24.7543859649123,17.3130470394737,16.2683574342105,15.4706825109649,114
"676"," 7094",26.4444444444444,11.9963055555556,11.8158888888889,13.1083641666667,27
"677"," 7098",33.25,14.852109375,17.5294921875,15.56847046875,8
"678"," 7099",36.9230769230769,14.9978307692308,14.0333276923077,14.2922551923077,13
"679"," 7140",51,9.74625,13.026,12.0814075,1
"680"," 7149",78,26.8625,14.767075,13.9984125,1
"681"," 71516",55,4.6125,9.4068375,13.35091875,1
"682"," 71591",74,9.175,9.312975,11.0573,1
"683"," 71593",86,12.60625,11.334075,13.2426625,1
"684"," 71594",69.5,10.516875,12.1671875,11.58693125,2
"685"," 71596",66.25,18.4648296875,17.3003390625,15.397338125,8
"686"," 71598",58,0.9129375,13.8588375,15.68879375,1
"687"," 7169",22,11.7025,11.773225,14.2618625,1
"688"," 71690",38,11.7575,13.22975,14.842625,1
"689"," 71693",41,9.88625,16.36225,23.943625,1
"690"," 71694",66,7.6494375,9.6341375,11.88674375,2
"691"," 71696",37.75,10.5689375,13.2204125,12.04361875,4
"692"," 71699",56,11.431875,11.348125,15.56255625,2
"693"," 7179",30,16.920775,13.76632,17.391965,5
"694"," 71831",21,5.408875,13.302275,11.7736425,1
"695"," 71846",19,32.4,16.615,15.0663625,1
"696"," 71881",27,13.280625,13.734375,14.23471875,2
"697"," 71886",61,5.6881625,9.94292,11.85096,2
"698"," 71899",1,44.275,18.38975,14.78,1
"699"," 71901",23,5.9175,24.35025,35.747625,1
"700"," 71902",11,4.25875,4.5185875,12.03741875,1
"701"," 71906",38.7727272727273,8.76338977272727,14.8711256818182,15.3989190909091,22
"702"," 71907",30.4166666666667,11.9247,13.1749525,12.33027375,12
"703"," 71908",59,3.23625,6.1381,10.6898,1
"704"," 71909",66,8.825,9.5525,10.834375,1
"705"," 71929",4,12.0375,13.45675,12.770625,1
"706"," 7194",64,4.46925,7.8881,13.322425,1
"707"," 71940",33.4285714285714,6.61243928571429,13.5521771428571,15.2178346428571,7
"708"," 71941",42,16.6756258653846,15.9733337307692,16.2875961730769,130
"709"," 71942",33.9230769230769,24.9856730769231,20.1926326923077,16.9850985576923,13
"710"," 71943",28.5,13.7074322916667,15.2027725,13.8623147916667,24
"711"," 71944",46.6666666666667,20.425,12.8342666666667,11.8750833333333,3
"712"," 71945",41.7021276595745,19.5604468085106,16.7611565957447,15.8954298670213,47
"713"," 71946",41.6578947368421,17.9749684210526,16.0051887280702,16.8562388815789,114
"714"," 71947",32.0285714285714,15.0110789285714,14.3126855714286,13.26476425,35
"715"," 71949",48,11.9035,13.157608,15.4674565,5
"716"," 71954",49,8.3025,12.2928,8.9231625,1
"717"," 71958",35,14.2375,9.96945,11.7271,1
"718"," 71962",11,13.24,19.218125,11.837075,1
"719"," 7197",4.71428571428571,20.7361428571429,17.527109047619,19.18395,21
"720"," 7202",56.8571428571429,17.10375,17.4294607142857,14.3855819642857,7
"721"," 7210",57.5,21.59375,14.78225,11.884875,2
"722"," 7220",45,6.0425,10.3477,11.08365,2
"723"," 72210",46.6666666666667,3.10825,9.02454166666667,10.2894125,3
"724"," 72252",47,11.98625,15.2415,23.1875,1
"725"," 72291",51.25,27.9975,14.77283125,13.390734375,4
"726"," 72293",49.6315789473684,11.5246315789474,12.9155157894737,14.3881905263158,19
"727"," 7231",38.2116788321168,15.7893800182482,15.0971293248175,14.7975548813869,137
"728"," 7234",39.6666666666667,16.1095833333333,21.52335,18.0088333333333,3
"729"," 7235",31.4210526315789,17.4245578947368,17.5557097368421,16.5636683552632,19
"730"," 7241",21.5,14.675,11.3596375,13.02463125,2
"731"," 7242",42.7080459770115,15.3636221551724,15.2968017068966,15.4194776005747,435
"732"," 7243",50.1724137931034,16.6306918103448,18.7684564655172,17.4027309482759,29
"733"," 7245",37.3351351351351,15.1278585135135,15.2022459189189,15.362714027027,185
"734"," 7246",40,0.298125,4.665225,7.7446125,1
"735"," 72479",22,41.1625,49.9975,39.7705,1
"736"," 7248",27.8333333333333,18.3878958333333,33.3718291666667,34.2297479166667,6
"737"," 7249",21,44.275,18.38975,14.78,1
"738"," 7260",46.8461538461538,14.4732115384615,18.9553492307692,18.8233178846154,13
"739"," 72610",47.6428571428571,11.4803482142857,14.1293107142857,14.0142369642857,14
"740"," 72611",48.675,12.631059375,13.233317875,14.24050115625,40
"741"," 72612",33,11.61125,9.251,8.76072375,1
"742"," 72619",47,4.6075,4.68605,5.574375,1
"743"," 72632",30.6666666666667,24.9775416666667,24.3058333333333,23.5403458333333,3
"744"," 72633",55,11.065515,15.4441705,15.31499275,5
"745"," 7264",69,15.67,11.596375,18.3353125,1
"746"," 7265",48,12.1498214285714,13.8295353571429,15.8642266071429,7
"747"," 72660",49.1666666666667,16.1510416666667,18.9461708333333,15.86334375,6
"748"," 72664",45.3333333333333,7.29541666666667,10.0507333333333,16.5685333333333,3
"749"," 72665",31,26.0375,17.295,14.29275,1
"750"," 72669",50,12.07625,15.4725,13.7439125,1
"751"," 72670",51,15.4625,8.41165,9.1129625,1
"752"," 72671",35.5833333333333,18.3713645833333,25.0672895833333,22.7963302083333,12
"753"," 72672",27,7.3975,14.889825,9.777525,1
"754"," 72679",18,27.825,11.6035,12.407875,1
"755"," 72690",38,12.55,28.91,23.649875,1
"756"," 72700",3,26.8625,14.767075,13.9984125,1
"757"," 72703",76,19.8125,12.97775,12.128,1
"758"," 72704",38.5,10.37296875,12.65180625,13.9539378125,8
"759"," 72705",38.04,16.53101,14.5217295,14.6547655,25
"760"," 72706",39.875,24.93478125,21.397490625,19.0458359375,8
"761"," 72709",26.3571428571429,12.5591607142857,14.2646044642857,14.2836950892857,14
"762"," 7273",41,42.6625,16.86875,30.066625,1
"763"," 72741",25.6666666666667,14.5254166666667,8.84560833333334,8.846505,3
"764"," 72743",34.5,12.511375,14.4503375,16.34545,2
"765"," 72751",61,12.0775,11.46755,8.8410375,1
"766"," 72767",52,19.3125,12.59225,9.71895,1
"767"," 72782",51,14.626875,12.809,14.44971875,2
"768"," 72871",42.1111111111111,11.1528611111111,11.7817138888889,10.9157765277778,9
"769"," 72885",33.9444444444444,14.5659861111111,17.3491033333333,15.6196713194444,18
"770"," 7289",20,44.275,18.38975,14.78,1
"771"," 7291",41.2758620689655,16.9039849137931,16.6525679310345,15.8761839439655,58
"772"," 72930",30,10.69875,13.550825,14.5621625,1
"773"," 72939",37,24.797,15.9620125,12.6305125,2
"774"," 7295",39.8318318318318,15.0752876126126,15.0864170645646,14.9449764264264,333
"775"," 72981",47.7241379310345,13.0356122844828,14.2153086206897,14.4314265517241,116
"776"," 72982",46.5,4.789375,7.07715,10.9153625,2
"777"," 73027",82,20.9375,16.1415,13.3253125,1
"778"," 73028",7,12.075,17.1225,14.454125,1
"779"," 73029",18,17.1225,12.0845,13.3013125,1
"780"," 73312",50,18.1875,30.2345,20.383875,1
"781"," 7336",31.6428571428571,15.2994642857143,11.4740080357143,12.6719083928571,14
"782"," 73390",59.5,8.388125,11.149475,12.9813,2
"783"," 73600",9,7.88625,9.51525,11.5330375,1
"784"," 7361",19,14.65625,13.95375,14.21375,1
"785"," 73629",52,8.77375,12.272915,11.47437,1
"786"," 73679",19,45.7875,47.145,36.991875,1
"787"," 7423",0,11.7575,13.22975,14.842625,1
"788"," 7449",51,12.075,17.1225,14.454125,1
"789"," 7452",0,7.20375,10.4985,16.40425,1
"790"," 7454",12,24.7625,11.30775,8.98475,1
"791"," 74689",1,0.303325,10.393915,10.439745,1
"792"," 7469",1.33333333333333,6.28708333333333,9.97591666666667,12.8790958333333,3
"793"," 7513",0,9.74625,13.026,12.0814075,1
"794"," 75430",75,10.08125,11.263975,11.6303625,1
"795"," 7597",28.5,14.423875,17.46285,17.95210625,2
"796"," 75989",20,12.482,22.2774833333333,18.6849916666667,3
"797"," 762",20.5,20.43125,36.0325,32.3924375,2
"798"," 76719",0,0.900125,6.893925,6.728925,1
"799"," 77081",0,19.8,10.1275,9.601275,1
"800"," 77083",1,5.11,7.85325,23.743,1
"801"," 77089",0,12.744375,15.244375,19.2752166666667,3
"802"," 7714",0,5.055,6.455675,7.2982875,1
"803"," 7731",0,13.27625,16.4555,14.523875,1
"804"," 7746",0,15.7482788461538,14.4857127884615,14.0993607211538,26
"805"," 7755",0,0.9129375,13.8588375,15.68879375,1
"806"," 7786",0,14.735,8.260125,9.09135,1
"807"," 7788",0,5.11,7.85325,23.743,1
"808"," 7793",0,48.75,16.1397166666667,16.836025,3
"809"," 780",7,123.6375,34.117,33.6874875,1
"810"," 78002",29.75,11.607,11.37565,12.654734375,4
"811"," 78009",41.1134020618557,18.3808878865979,17.8306147164948,16.9919493427835,97
"812"," 7801",25,13.35625,15.7245166666667,11.6547225,3
"813"," 7802",42.1672727272727,15.7431713181818,15.5249521090909,15.6672660363636,275
"814"," 78031",2.05,16.32311875,13.61004525,14.3401308125,20
"815"," 78032",10.25,10.086375,12.80295,14.300190625,4
"816"," 78039",22.6455696202532,13.2797642405063,14.1367801582279,14.6668860601266,79
"817"," 7804",45.1025641025641,15.6792772222222,16.0268143675214,15.8678820128205,585
"818"," 78052",47.8,21.124875,16.39601,16.837761125,10
"819"," 78059",45,12.06,14.69405,15.746825,1
"820"," 7806",14.552598622417,15.0637093065122,14.5756638400125,14.4038237879618,3194
"821"," 78060",12.9047619047619,7.39917261904762,9.98035642857143,10.6165501190476,21
"822"," 78061",16.5,2.8931875,9.5213875,14.60461875,2
"823"," 7807",2.33333333333333,13.4087125,18.4462841666667,16.9764879166667,3
"824"," 78079",45.4351145038168,14.2727332538168,14.6041580438931,14.8538119608779,262
"825"," 7808",59.1304347826087,20.4502831521739,17.5299725,16.126062826087,23
"826"," 7809",32,24.175,12.3851375,13.81138125,2
"827"," 78092",0.142857142857143,9.30006785714286,14.9930853571429,14.2162127678571,14
"828"," 78093",70,4.9,5.08225,7.518125,1
"829"," 78095",4,14.828125,7.10415,8.188425,1
"830"," 78096",29.6470588235294,13.3500441176471,12.7831042647059,14.4922146323529,17
"831"," 78097",83,7.59,11.27825,20.032875,1
"832"," 78099",42.0952380952381,12.9316369047619,15.5154258333333,16.7939781547619,21
"833"," 7810",39.1111111111111,12.2161416666667,17.1830961111111,18.3569827777778,9
"834"," 7812",71.1666666666667,19.3719479166667,17.1056254166667,14.5734479166667,6
"835"," 7813",0,37.425,16.7996,16.45875,1
"836"," 7817",34.5714285714286,18.989,19.9826,16.8427419642857,7
"837"," 78194",55.6666666666667,11.4076333333333,12.5914016666667,11.5299758333333,3
"838"," 782",31,9.4425,9.6538,9.240525,1
"839"," 7820",42.4728260869565,15.049847486413,14.4727839402174,14.4251271807065,184
"840"," 7821",21.962962962963,16.4273398662551,15.7229245164609,15.6486759465021,243
"841"," 7822",52.6666666666667,15.3204166666667,14.04275,13.2652,3
"842"," 7823",55.7368421052632,15.3089467105263,16.0192072368421,16.6631869078947,19
"843"," 7824",30.2,5.0328,7.53885,11.454488,5
"844"," 7825",0.75,7.739375,10.0455125,15.0370715625,4
"845"," 78261",29.5,4.896875,14.9990125,13.481840625,2
"846"," 78262",41,9.374375,14.873,16.51314,2
"847"," 7827",35,23.7283541666667,15.5707375,14.9008625,6
"848"," 7830",34.75,13.25625,22.88105625,21.58973625,4
"849"," 78340",4,8.3175,6.9179475,7.20586125,1
"850"," 7835",33,9.89125,27.7855,20.09015625,2
"851"," 7840",35.0328697850822,16.4023639064475,16.0658632996207,15.7370769279393,791
"852"," 7841",26.6363636363636,9.21421590909091,13.2978795454545,14.1571852272727,11
"853"," 7842",31.241935483871,15.9793036290323,14.976404516129,15.5018810080645,62
"854"," 7843",75,16.1275,9.229,14.93825,1
"855"," 78449",31,12.6120833333333,10.1162083333333,9.20776041666667,3
"856"," 7845",65.875,11.36515625,11.733530625,13.44730109375,8
"857"," 7847",41.6193548387097,16.2875955645161,15.535821,15.475566483871,155
"858"," 7849",76,23.3375,14.6865,12.5661125,1
"859"," 78491",33.3,19.172,17.072103,16.70574275,10
"860"," 78499",32.7777777777778,11.8779708333333,11.3887830555556,12.4266720833333,9
"861"," 785",61,12.9375,11.78575,10.8699,1
"862"," 7850",38.7272727272727,18.1135681818182,18.4095259090909,15.7510972727273,11
"863"," 7851",40.628701594533,16.5873112186788,15.9636092084282,15.5405768052392,439
"864"," 7854",81,6.268875,5.616775,9.65430625,1
"865"," 78552",67,17.1225,12.0845,13.3013125,1
"866"," 7856",30,16.2057583333333,19.6254083333333,16.96102725,15
"867"," 786",17,7.945,9.619275,8.6868625,1
"868"," 7860",1,123.6375,34.117,33.6874875,1
"869"," 78601",25.6428571428571,13.6528303571429,15.0472983928571,14.3279833928571,28
"870"," 78605",36.8813559322034,16.6152503531073,16.2712454237288,15.982792309322,177
"871"," 78606",19,10.7379375,21.5558583333333,19.2560083333333,6
"872"," 78607",25.8181818181818,13.1339772727273,16.6347034090909,14.9751919318182,11
"873"," 78609",41.0428893905192,16.7217191591422,16.0205858747178,15.9285369525959,443
"874"," 7861",8,10.0797916666667,12.4455783333333,9.88334083333333,3
"875"," 7862",22.8416050686378,15.5376076425554,14.7757111747624,14.9512254435058,947
"876"," 7863",44.6315789473684,14.9231578947368,14.0727444736842,13.8485165789474,19
"877"," 78650",44.8333333333333,21.805875,13.6310566666667,12.011721875,6
"878"," 78651",54.875,22.7611015625,20.7932515625,18.445662109375,16
"879"," 78652",45.0634920634921,15.8752954365079,15.8799736904762,16.5281528571429,63
"880"," 78659",45.9440433212996,15.7227821299639,16.1981920870939,16.2102968885379,1108
"881"," 7868",38.5555555555556,14.7933472222222,17.5955166666667,15.4674679166667,9
"882"," 7869",15,24.7625,11.30775,8.98475,1
"883"," 7870",66.5,8.12765,16.7074175,15.28299625,2
"884"," 78701",37.034188034188,14.0150169871795,14.4241717200855,13.9864340277778,234
"885"," 78702",42.1860465116279,12.9378139534884,13.8643387790698,14.608126627907,86
"886"," 78703",18.8771043771044,14.5682238215488,14.2263748190236,14.0916409659091,594
"887"," 7871",48.2857142857143,23.9333928571429,19.3204678571429,17.4689642857143,7
"888"," 7872",43.875,11.74496875,12.8120615625,14.7930728125,16
"889"," 7873",45.5789473684211,15.2422703947368,16.0759278947368,17.0395001973684,38
"890"," 78791",28.4043209876543,13.798131404321,13.6121715084877,13.4162768499228,648
"891"," 7880",40.559748427673,14.5892562893082,14.5938791823899,14.8362710062893,159
"892"," 7881",39.774011299435,16.7666073446328,16.7198907485876,16.0756125988701,177
"893"," 7882",94,5.055,6.455675,7.2982875,1
"894"," 78820",63.8260869565217,15.6495875,15.1686884565217,15.9417605326087,115
"895"," 78821",27,19.8,10.1275,9.601275,1
"896"," 78830",47,6.59125,8.1409,8.8800875,1
"897"," 78839",33,6.02125,6.5289,12.065325,1
"898"," 78841",42.125,19.69154765625,20.95121109375,18.623240703125,16
"899"," 78842",38,20.4303125,15.987580625,13.7304996875,4
"900"," 7885",39,15.627984375,19.826705,20.393811875,8
"901"," 7886",6,14.56875,13.20475,13.1464125,1
"902"," 78869",16,17.8875,28.297975,34.1714875,1
"903"," 7887",26.6666666666667,9.41235833333333,11.9877216666667,12.7501441666667,3
"904"," 7889",4,17.6125,11.71525,13.3401875,1
"905"," 7890",26,18.9185,20.11911,15.464575,5
"906"," 78900",29.9625623960067,14.7748168573211,15.0435774563228,15.1522966202163,1202
"907"," 78901",42.5280898876404,15.1720242977528,16.1508942696629,15.7679516713483,89
"908"," 78902",44.4324324324324,16.1215945945946,14.6816107432432,14.6897478716216,37
"909"," 78903",34.3809523809524,16.5201864880952,16.1310402380952,15.7018069255952,420
"910"," 78904",39.4808362369338,14.7278707317073,15.0480098519164,15.3451774433798,287
"911"," 78905",27.7435897435897,14.3343461538462,13.7312353846154,13.2105310897436,39
"912"," 78906",38.5735963581184,14.8948869688923,15.4208194233687,15.0337582492413,659
"913"," 78907",16,6.81475,13.3354075,12.8161725,2
"914"," 78909",37.0814479638009,16.0125741515837,16.7191476809955,15.3627163065611,221
"915"," 7893",25,16.825,11.401525,13.4275175,1
"916"," 78930",75,4.6125,9.4068375,13.35091875,1
"917"," 7894",41,49.2,24.96775,15.025,1
"918"," 7895",56.4,20.3230125,14.1439775,16.53830125,10
"919"," 78951",69,6.14625,29.46,27.22225,1
"920"," 78959",35,4.49775,15.7339,17.4760125,1
"921"," 7896",39,6.795,9.8033,8.0591625,1
"922"," 78960",1,13.04125,13.6844,12.0391575,1
"923"," 7899",13.8333333333333,10.18778125,12.32088125,14.610484375,6
"924"," 790",4,41.45,20.41925,16.8607625,1
"925"," 79009",63.5,19.75,15.2530125,14.75363125,2
"926"," 79029",49.75,14.6487421875,13.146459375,15.206522578125,16
"927"," 7907",7.46153846153846,10.5716442307692,10.9446730769231,13.5115096153846,13
"928"," 79092",52.25,8.38288125,13.3542825,18.0751725,4
"929"," 7919",25,7.11625,10.8915,20.17575,1
"930"," 7921",28.5,4.6003125,10.5516125,12.38736875,2
"931"," 79431",64,4.9,5.08225,7.518125,1
"932"," 7945",0,13.69,16.686,14.0100375,1
"933"," 7955",1,37.81875,22.270375,17.31736875,2
"934"," 7962",45.6060606060606,18.6922193181818,19.0039621969697,17.7140620833333,33
"935"," 79902",73,15.27625,14.518125,14.0253125,1
"936"," 7991",36,20.525,13.166775,15.2148875,1
"937"," 7992",4.71428571428571,14.9092619047619,15.8924605952381,15.3441780357143,21
"938"," 80001",17,2.92521875,10.51010625,12.059009375,2
"939"," 80002",29,8.92,7.75445,11.88185,1
"940"," 8002",1,19.4625,13.03501,9.11678,1
"941"," 80075",25,5.964375,14.965125,14.0849375,1
"942"," 80101",27.2,8.90615,7.362445,9.022715,5
"943"," 8020",31.0208333333333,12.2522239583333,13.35062453125,14.617626953125,48
"944"," 8024",46.3333333333333,20.6354166666667,25.0471833333333,23.7891083333333,3
"945"," 8026",35,10.73375,7.164175,7.9949625,1
"946"," 8028",26,9.6759375,12.8196,13.5791125,2
"947"," 8029",48,26.0375,17.295,14.29275,1
"948"," 80501",2,10.68125,12.3467,10.1174,1
"949"," 80503",18,7.16625,43.1135,29.959625,1
"950"," 80508",38,9.74625,13.026,12.0814075,1
"951"," 8052",47.6666666666667,29.9308333333333,12.9756916666667,11.1888916666667,3
"952"," 8054",51.7142857142857,34.0785,15.7495642857143,15.0984732142857,7
"953"," 8056",76,11.98625,15.2415,23.1875,1
"954"," 8058",46.5,9.1980625,9.5544625,19.20198125,2
"955"," 80701",61.7,13.278915,10.897274,12.59765325,10
"956"," 80702",40,11.0865625,11.2703625,10.6316890625,4
"957"," 80703",79,9.595,12.87,19.795875,2
"958"," 80704",78.6666666666667,10.0870833333333,8.010525,8.51874958333333,3
"959"," 80707",47,7.3975,14.889825,9.777525,1
"960"," 8072",64,11.121625,5.19255,8.253025,1
"961"," 8082",55.4285714285714,12.44725,13.7333035714286,14.8961303571429,7
"962"," 80841",52.3333333333333,16.2161666666667,13.286775,18.7443875,3
"963"," 81000",14.3333333333333,11.57021875,13.0364354166667,13.766468125,12
"964"," 81002",16,14.9875,14.81225,15.609875,1
"965"," 81003",25,20.291775,24.454505,19.5377725,5
"966"," 81100",32,43.9375,44.43,33.63575,1
"967"," 81200",40.7692307692308,14.4905,14.7987511538462,14.5284226923077,13
"968"," 81201",63.2058823529412,12.6672169117647,14.4247444852941,14.0094618382353,34
"969"," 81202",74,2.828825,7.382765,8.4490075,1
"970"," 81203",55.3846153846154,24.2069134615385,19.8898169230769,19.0573657692308,13
"971"," 81209",52,7.94283333333333,10.4244216666667,13.1133066666667,3
"972"," 81211",91,5.93,26.679,16.879175,1
"973"," 81221",29.5,20.725,14.445625,11.609425,2
"974"," 81240",26,17.341575,13.89116,12.1070685,5
"975"," 81241",5.57142857142857,11.4297053571429,10.59639625,13.1754530357143,14
"976"," 81242",20.7142857142857,16.4096607142857,16.646545,15.6162635714286,7
"977"," 81243",26,14.4775,17.011875,17.62655875,2
"978"," 81244",19,25.0806875,27.1221375,22.25030625,2
"979"," 81249",39.5,12.8375,11.776625,10.9565,2
"980"," 81300",5,19.8,10.1275,9.601275,1
"981"," 81301",24.8,8.5431,14.577033,18.7032165,5
"982"," 81302",32,6.855625,13.9952625,11.418971875,2
"983"," 81304",29.5,6.820875,15.0200625,14.444875,2
"984"," 81305",40.16,16.146169,15.2637925,15.395787775,50
"985"," 81306",5,0.9129375,13.8588375,15.68879375,1
"986"," 81308",7,9.30625,15.15125,13.4094125,1
"987"," 81321",22,17.146875,21.017,16.72739,2
"988"," 81322",31,8.5925,24.92325,16.96775,1
"989"," 81323",9,27.7375,16.1179,11.1158,1
"990"," 81341",68.2,14.0291225,13.386302,14.7960856875,20
"991"," 81342",30.056,15.4432262,15.31013296,15.33332829,125
"992"," 81343",24.4285714285714,15.3614196428571,15.833225,15.1189551785714,14
"993"," 81344",17.2727272727273,15.4683579545455,14.0820309090909,13.9265035227273,22
"994"," 81345",12,8.4575,6.315025,7.19968125,1
"995"," 81380",20,4.158625,9.139475,26.6768625,1
"996"," 81381",14,5.40125,6.419075,8.6679775,1
"997"," 81400",20,13.3738,10.235315,9.648335,5
"998"," 81401",24.9411764705882,19.649375,20.9703220588235,19.19382125,17
"999"," 81403",57.5714285714286,22.7851785714286,18.8723364285714,19.5895573214286,7
"1000"," 81500",28.2142857142857,16.9043973214286,14.2476075,14.9717042857143,28
"1001"," 81501",22,17.7325916666667,18.6359627777778,17.3569308333333,9
"1002"," 81502",33.8888888888889,10.379625,12.1159088888889,13.86706,9
"1003"," 81503",36,11.53125,20.981,23.421375,2
"1004"," 81504",28.7142857142857,15.5690098214286,16.8870689285714,17.0505532142857,14
"1005"," 8160",12,4.49775,15.7339,17.4760125,1
"1006"," 81600",22.3333333333333,20.3796515151515,16.1677871212121,14.6609481818182,33
"1007"," 81601",24.0568181818182,14.4087316761364,14.9632708806818,14.8567420028409,88
"1008"," 81602",33.5208333333333,16.1547505208333,17.2673485416667,16.4570538802083,48
"1009"," 81603",35.6666666666667,10.69,15.1987016666667,15.7284091666667,3
"1010"," 8161",43,42.6875,40.045,40.26375,1
"1011"," 81611",28,55.175,18.35375,13.704875,1
"1012"," 81612",38.6666666666667,9.18041666666667,8.06609083333333,10.64621625,3
"1013"," 82003",72,33.17125,18.680375,15.3534525,2
"1014"," 82020",73.5,7.46215625,9.492140625,11.3304640625,4
"1015"," 82021",79.8333333333333,13.9825666666667,20.3578091666667,18.8303566666667,6
"1016"," 82022",62,3.75625,6.214525,5.36655625,1
"1017"," 8208",60,6.63125,35.255,23.42925,1
"1018"," 82101",17,15.33,13.0159125,14.62115625,2
"1019"," 82111",3,3.9225,7.62,23.556875,1
"1020"," 82120",69,20.8125,30.3085,26.339375,1
"1021"," 82121",82,4.74875,9.599575,11.1426625,1
"1022"," 8220",49.0769230769231,14.4527019230769,14.93127,15.5836158653846,13
"1023"," 8230",16,27.825,11.6035,12.407875,1
"1024"," 82300",38.2,11.55098625,14.9496505,13.5130915,10
"1025"," 82301",41,9.816875,10.112125,14.5043125,2
"1026"," 8232",25,15.27625,14.518125,14.0253125,1
"1027"," 82320",12.25,8.65625,10.47621875,11.7420809375,4
"1028"," 82332",31,3.767,8.335175,8.8096875,1
"1029"," 82380",12,22.845,21.190875,14.68314375,2
"1030"," 82381",29,3.793375,6.70065,19.51245,1
"1031"," 8240",33.5833333333333,22.76903125,18.0575833333333,16.3312254166667,12
"1032"," 8242",36.9736842105263,16.9639539473684,19.6854492763158,18.7012744078947,38
"1033"," 8244",30,20.425,16.7505,10.971525,1
"1034"," 8246",69,23.02875,12.55265,11.21756875,2
"1035"," 8248",25.1842105263158,20.9072302631579,17.6919809210526,17.3832489802632,38
"1036"," 8249",9,19.4625,13.03501,9.11678,1
"1037"," 8250",48.75,20.8346875,16.98970625,14.498153125,4
"1038"," 82521",45.7272727272727,16.7247727272727,19.6151022727273,18.5243897727273,11
"1039"," 82522",32.625,15.07940625,14.990070625,16.6046790625,8
"1040"," 82523",39.2857142857143,12.9934107142857,14.3278521428571,15.4730760714286,7
"1041"," 82524",69.5,20.68825,13.072525,11.62751875,2
"1042"," 82525",40.5596330275229,14.8241349770642,13.7127249082569,13.9217162614679,109
"1043"," 826",41,17.6625,14.221105,15.15359375,2
"1044"," 8260",33.5555555555556,14.8686544871795,14.9376728632479,15.0173398504274,117
"1045"," 8261",49,7.4625,27.2825,23.577375,1
"1046"," 8300",18,17.60625,15.3353,16.408825,1
"1047"," 83100",32.5384615384615,20.0303269230769,18.9409726923077,18.090698125,26
"1048"," 83101",39.8571428571429,18.6185714285714,20.7196939285714,19.8586434821429,14
"1049"," 83102",68,20.525,13.166775,15.2148875,1
"1050"," 83104",21,1.5875,9.2727,11.38405,1
"1051"," 8320",2.75,55.0209375,23.8468875,18.0976,4
"1052"," 83200",2.48051948051948,15.9543642857143,14.1157575,14.8456491720779,77
"1053"," 83201",15,12.583125,26.48254375,21.236646875,2
"1054"," 83202",39,8.41375,5.8472,9.4366,1
"1055"," 83400",33.375,23.58046875,20.034070625,18.96544,8
"1056"," 83401",9,19.4125,15.978325,15.4304125,1
"1057"," 83402",16,29.5625,31.1335,21.77175,1
"1058"," 8363",20.75,23.849375,16.056825,14.559564375,4
"1059"," 83805",34,14.7786375,29.9707275,22.10935125,1
"1060"," 83809",45.25,13.7371875,16.2919575,14.786656875,4
"1061"," 8398",37,16.31,16.46925,13.5716625,1
"1062"," 8409",42.4285714285714,7.28566071428571,10.3338,12.7935403571429,7
"1063"," 84200",21.8,15.305,13.445625,14.9279535,5
"1064"," 84202",39,11.7275,9.183125,9.76445,1
"1065"," 84210",18.75,7.69864375,12.20456625,12.5312175,4
"1066"," 8439",5.5,20.9525,11.5147375,11.54923125,2
"1067"," 8440",41,4.6125,9.4068375,13.35091875,1
"1068"," 8442",53,43.9375,44.43,33.63575,1
"1069"," 8449",37,21.7402583333333,16.8380683333333,15.1061654166667,6
"1070"," 8450",19,9.4425,9.6538,9.240525,1
"1071"," 84500",28.4479495268139,15.2401940457413,15.5522195899054,15.4929195662461,317
"1072"," 84503",19,37.08125,33.257975,38.2677375,1
"1073"," 84509",40.2,7.85255,10.671765,9.904766,5
"1074"," 84510",36,16.6675,20.365875,19.3108125,2
"1075"," 8470",28.2857142857143,14.4301785714286,19.9154392857143,17.9754428571429,7
"1076"," 8471",31,36.39625,11.1043,10.880525,1
"1077"," 8472",19,3.76125,14.93375,17.416405,1
"1078"," 8479",37.5,21.38875,15.70375,14.2156525,2
"1079"," 8500",21.6,10.73249625,12.566126625,12.9857814375,20
"1080"," 85011",28.9,16.0300208333333,15.35431075,15.48562975,30
"1081"," 8505",33.3333333333333,11.7268833333333,11.5465205,13.90817075,15
"1082"," 8509",23.4285714285714,30.3323035714286,18.4643178571429,20.6601998214286,7
"1083"," 85201",89,30.15,19.41075,16.88078,1
"1084"," 85220",58,7.43,7.1054,7.093236875,2
"1085"," 85221",72,22.3729583333333,17.5733416666667,20.0349354166667,3
"1086"," 85242",16,36.39625,11.1043,10.880525,1
"1087"," 85246",22,29.29875,11.6954,9.8558,1
"1088"," 85400",40,11.7475,12.227375,18.5753125,2
"1089"," 8670",82,22.6375,8.82725,7.2220125,1
"1090"," 8708",20.695652173913,16.8004592391304,18.1481788043478,16.4487375543478,23
"1091"," 8714",5,11.738125,13.9330125,11.2687,2
"1092"," 8716",12,13.24125,17.218,11.83563,1
"1093"," 8719",27.6666666666667,14.4133333333333,28.5307833333333,29.1265958333333,3
"1094"," 87200",32.4,11.1777125,10.0811735,11.883526125,10
"1095"," 87201",32.6666666666667,11.98375,24.5476833333333,20.4661041666667,3
"1096"," 87202",52,18.1625,19.76705,17.314575,1
"1097"," 87261",16,26.6241666666667,21.167805,15.8021483333333,3
"1098"," 8728",25.5,13.9937708333333,16.1939595833333,17.5050848958333,12
"1099"," 8730",26.3160621761658,16.5951236398964,15.2263907642487,15.5468596567358,193
"1100"," 87320",27.5757575757576,15.9396738636364,14.6402589393939,14.283154469697,33
"1101"," 87340",19.1578947368421,16.9984210526316,16.2799892105263,14.3711088157895,19
"1102"," 87341",22.2916666666667,17.32334375,14.9066735416667,15.8425001041667,24
"1103"," 87342",22.2842105263158,16.0843464473684,15.2721661907895,15.5602542730263,380
"1104"," 87343",14.7087378640777,17.2888123786408,15.725739223301,15.9539732524272,103
"1105"," 87344",13.8222222222222,15.7530422222222,15.2713235277778,15.3842340416667,90
"1106"," 87349",32.3333333333333,37.6522916666667,15.6819091666667,16.0200054166667,6
"1107"," 87362",4,5.46,15.5735,15.4544,1
"1108"," 87363",19.75,14.5109375,20.820125,16.245078125,4
"1109"," 87364",18.4545454545455,22.09575,18.5457840909091,13.80969875,11
"1110"," 87365",1.6,28.199525,21.653777,16.964471,5
"1111"," 8738",35.25,19.381778125,18.4437639583333,16.7322126041667,12
"1112"," 8750",28,10.4426875,12.342225,15.38375625,2
"1113"," 8760",41.5,15.7871875,14.54974375,12.818628125,4
"1114"," 8770",25.4,9.756665,14.811638,14.821539,5
"1115"," 8783",23,8.41375,5.8472,9.4366,1
"1116"," 8786",30,17.495625,9.7803125,9.4925325,2
"1117"," 8792",24.6666666666667,12.5216666666667,15.368425,17.1349916666667,3
"1118"," 8796",6,4.77375,12.9915,8.8419275,1
"1119"," 8798",46,4.0778,19.89906,16.5550425,1
"1120"," 88000",32.75,14.76215625,16.03265625,14.68386625,8
"1121"," 88010",22,10.61625,9.07505,7.9189875,1
"1122"," 8810",20,12.1095625,11.80585,16.26455,2
"1123"," 88100",24.906976744186,14.566373255814,15.8139618604651,14.5670836627907,43
"1124"," 88101",21.6363636363636,15.3125636363636,12.1429618181818,11.6266546590909,11
"1125"," 88102",28.1111111111111,19.3890152777778,21.2764058333333,19.8652404166667,9
"1126"," 88120",19,5.983875,12.801625,18.3107,1
"1127"," 8820",29.7320261437909,14.8604121732026,14.9230452287582,14.9452055718954,153
"1128"," 8821",41,3.767,8.335175,8.8096875,1
"1129"," 8822",25,14.3129166666667,10.9872083333333,12.5911708333333,3
"1130"," 8830",32.1320754716981,15.3824394541779,15.9023787061995,15.874344245283,371
"1131"," 8831",37.6666666666667,13.4741666666667,13.8282033333333,10.7421125,3
"1132"," 8832",42.8,15.449475,19.048,16.1725215,5
"1133"," 8840",25.6,13.4584875,12.807465,13.388838875,10
"1134"," 8860",20,10.61625,9.07505,7.9189875,1
"1135"," 8900",37.5909090909091,15.8965454545455,16.9550334090909,15.3694388636364,22
"1136"," 8910",27.8295454545455,12.2479774147727,13.1556572159091,13.1792269744318,88
"1137"," 8911",15,9.42875,10.643425,11.167825,2
"1138"," 8920",27.3768115942029,15.6196532608696,15.7449704710145,15.5128789492754,69
"1139"," 8921",19,15.53125,11.776325,13.2942875,1
"1140"," 8930",29.5416666666667,13.3682840277778,13.4772839236111,13.5174075173611,72
"1141"," 8940",20.5,14.2529375,15.295325,18.57910625,2
"1142"," 9050",97,29.4,17.51875,12.90475,1
"1143"," 9054",54,31.4125,19.0854,20.485725,2
"1144"," 9061",12,9.82125,6.787765,8.1776325,1
"1145"," 9065",43,11.60625,10.07775,11.2904125,1
"1146"," 9066",46,15.53125,11.776325,13.2942875,1
"1147"," 9067",85,3.767,8.335175,8.8096875,1
"1148"," 910",48,9.07125,21.04925,27.12125,1
"1149"," 9100",22.8253968253968,16.6151488095238,14.7348903968254,16.6919270238095,63
"1150"," 9104",18.7142857142857,22.0868571428571,13.2711842857143,13.1921492857143,7
"1151"," 9105",29.8,17.0905,19.298895,20.1297725,5
"1152"," 9106",1,13.4625,13.211025,15.2145125,1
"1153"," 9108",1,9.83375,11.376525,12.2057675,1
"1154"," 911",57,11.675,15.20825,10.8136625,1
"1155"," 9110",27.9285714285714,15.9100678571429,16.6002876785714,16.0898965178571,14
"1156"," 9115",36,12.075,17.1225,14.454125,1
"1157"," 9120",28,30.5208333333333,16.7061541666667,15.73461875,3
"1158"," 9122",25,15.67,11.596375,18.3353125,1
"1159"," 9123",16,4.25875,4.5185875,12.03741875,1
"1160"," 9130",29.6818181818182,11.3757954545455,12.9350154545455,13.7509315909091,22
"1161"," 9134",24.7272727272727,9.56475,11.2861136363636,11.3847985227273,11
"1162"," 9135",32,14.5623984375,14.5258921875,14.80488984375,8
"1163"," 9140",35.1428571428571,16.2105833333333,16.8051142857143,15.3930392857143,21
"1164"," 9144",26.75,13.712125,12.06363625,11.651601875,8
"1165"," 9145",20.4,14.317,12.5248425,12.08389625,5
"1166"," 9146",16,8.61375,13.74525,19.963,1
"1167"," 9148",23,8.825,9.5525,10.834375,1
"1168"," 9150",25.4,18.88166,15.8747417,17.8888606,25
"1169"," 9155",45.3333333333333,13.4404166666667,12.08575,11.5174208333333,3
"1170"," 9158",55,7.88625,9.51525,11.5330375,1
"1171"," 9160",29.5111111111111,17.3994433333333,15.2835605555556,16.1242708333333,45
"1172"," 9161",28.5,17.355625,13.82089375,13.46149125,4
"1173"," 9162",59,22.0875,19.55625,16.255875,1
"1174"," 9164",25,18.2764020833333,14.91319125,13.203045625,12
"1175"," 9165",20.7,9.3266625,11.4708025,11.927540125,10
"1176"," 9168",28,11.98,11.746075,12.6397875,1
"1177"," 9170",28.04,13.163313,15.5770799,15.22863375,25
"1178"," 9172",9,3.6205,6.66175,8.157775,1
"1179"," 9174",21.8888888888889,14.2136111111111,13.7582802777778,14.6888456944444,9
"1180"," 9175",18.75,9.88096875,12.59625625,11.99467625,4
"1181"," 9178",58,9.91875,12.9555,11.5085,1
"1182"," 9180",23.75,7.665325,7.31727125,7.9903325,4
"1183"," 9181",26.3947368421053,16.3054755482456,15.7538519736842,15.4122180153509,114
"1184"," 9182",23.5454545454545,17.4800340909091,15.0942718181818,13.1239585227273,11
"1185"," 9189",25.8333333333333,8.51302083333333,18.1891125,14.9679083333333,6
"1186"," 9190",30.45,14.33115625,11.116013125,13.088191875,20
"1187"," 9194",33.3333333333333,6.78776666666667,7.636845,8.651485,3
"1188"," 9199",71,13.04125,13.6844,12.0391575,1
"1189"," 920",21.4153846153846,16.8817569230769,14.8695444230769,15.1794550769231,65
"1190"," 9210",45,44.0125,24.834,17.0425,1
"1191"," 9211",12,15.9033333333333,14.959675,17.8578458333333,3
"1192"," 9212",26.3333333333333,36.3049583333333,25.0204166666667,18.3027625,3
"1193"," 9213",19.3333333333333,15.0156458333333,15.110775,17.1301695833333,6
"1194"," 9219",24.2083333333333,17.886340625,14.3031270833333,15.45911453125,24
"1195"," 9220",39.5,5.80268125,12.34509875,15.250993125,2
"1196"," 9221",48,11.69875,17.263,10.755905,1
"1197"," 9222",47,16.93375,8.3010875,15.2491625,2
"1198"," 9223",76,24.9875,10.24501,8.64953,1
"1199"," 92231",31,42.46875,29.33625,22.64849375,2
"1200"," 92232",59.3333333333333,22.4604166666667,16.4194166666667,12.5643791666667,3
"1201"," 9224",19,25.336875,13.87,13.5422,2
"1202"," 92309",14,24.7625,11.30775,8.98475,1
"1203"," 92310",42.5,7.5475,7.7548875,8.19724375,2
"1204"," 92311",28,20.4020833333333,13.7259916666667,16.9248808333333,3
"1205"," 92320",32.4,12.719975,13.766871,14.20096925,10
"1206"," 92321",36.75,8.366875,23.5243375,19.383990625,4
"1207"," 9233",32.4333333333333,16.9644066666667,17.438578,16.8465377083333,30
"1208"," 92400",49.6,28.08,20.378005,14.9832675,5
"1209"," 92401",9,6.268875,5.616775,9.65430625,1
"1210"," 92410",42.25,19.3496875,20.25051875,17.8709709375,8
"1211"," 92411",40,14.7225,13.122525,15.4991410714286,7
"1212"," 92420",30.6666666666667,10.6775,13.3706833333333,15.3188833333333,3
"1213"," 92421",35.5,19.160625,31.782375,26.84930625,2
"1214"," 9243",29,10.0300145833333,10.8083044444444,12.3041751388889,18
"1215"," 9245",43.8571428571429,17.0468571428571,14.7221021428571,13.5992278571429,7
"1216"," 9248",14,4.8375,6.3352,10.460975,1
"1217"," 9251",40,0.9129375,13.8588375,15.68879375,1
"1218"," 9260",34,17.51125,13.5325,13.6995375,1
"1219"," 92720",31,1.5875,9.2727,11.38405,1
"1220"," 9273",21,4.77375,12.9915,8.8419275,1
"1221"," 9300",32.5151515151515,10.6659015151515,12.2190901515152,12.7663420833333,33
"1222"," 9301",27.2608695652174,18.5395711956522,17.1212605434783,15.8189819021739,23
"1223"," 9309",35.8837209302326,14.7456610465116,17.0021993023256,17.089524505814,43
"1224"," 931",29.3333333333333,17.8384276315789,18.1959460087719,17.3205777412281,57
"1225"," 932",6.76470588235294,16.2157426470588,16.1373658823529,16.1190072058824,17
"1226"," 933",30,11.61125,9.251,8.76072375,1
"1227"," 9330",31.2903225806452,18.4153991935484,14.2299649193548,14.5308118548387,31
"1228"," 9331",32,24.2475,20.1580875,15.5282316666667,6
"1229"," 9341",2,9.803375,10.341875,12.79835375,2
"1230"," 9350",47,45.7875,47.145,36.991875,1
"1231"," 9351",43.5,14.44125,12.8803875,11.0060875,2
"1232"," 9352",13.4285714285714,9.64517857142857,17.3741964285714,14.3833107142857,7
"1233"," 936",7.25,19.8859375,18.99085625,17.0005625,4
"1234"," 937",21,26.9,29.5435,25.302375,1
"1235"," 938",18.7,15.55625,16.24863225,15.772200125,10
"1236"," 9391",32,7.075,9.63775,9.551875,1
"1237"," 9392",28.3333333333333,9.69958333333333,10.1313416666667,14.7769666666667,3
"1238"," 9401",23,3.76125,14.93375,17.416405,1
"1239"," 9404",2,33.7875,28.334875,20.55871875,2
"1240"," 9409",31,19.9125,18.00275,16.3484,1
"1241"," 94110",25.1428571428571,11.5280357142857,11.997955,13.811495,7
"1242"," 94117",7,42.6875,40.045,40.26375,1
"1243"," 94118",0,19.9,14.776075,15.6041625,1
"1244"," 94120",34,11.0647083333333,18.1655316666667,19.4801379166667,6
"1245"," 94127",64,41.1125,22.37025,33.718625,1
"1246"," 94210",6,5.3,11.699825,12.7569375,2
"1247"," 94212",21,15.4284166666667,16.32455,15.6298625,3
"1248"," 94213",24,16.11875,13.372005,10.3596525,2
"1249"," 94221",62,22.0875,19.55625,16.255875,1
"1250"," 94222",21.1666666666667,12.0577083333333,11.174475,10.8736895833333,6
"1251"," 94223",38,9.74625,13.026,12.0814075,1
"1252"," 94224",76,45.7875,47.145,36.991875,1
"1253"," 94234",4,42.6875,40.045,40.26375,1
"1254"," 94310",28.5,18.2653125,18.87353125,17.62305,4
"1255"," 94311",42.3333333333333,13.9147916666667,15.84525,14.5527604166667,6
"1256"," 94315",3,19.9,14.776075,15.6041625,1
"1257"," 94320",36,9.8803125,8.8501175,8.43069625,2
"1258"," 94321",31.3333333333333,18.47125,18.30530375,16.4447352083333,6
"1259"," 94322",22,6.64875,9.466,12.1210375,1
"1260"," 94410",17.8571428571429,15.4507142857143,17.2777157142857,18.3535175,7
"1261"," 94412",18,11.37375,10.445725,11.9578375,1
"1262"," 94413",23,15.53125,11.776325,13.2942875,1
"1263"," 94414",15.5,4.76334375,13.80204375,17.825896875,2
"1264"," 94415",26.5,6.540875,12.09675,12.22485,2
"1265"," 94417",45,6.02125,6.5289,12.065325,1
"1266"," 94418",12,15.6925,24.002,34.4125,1
"1267"," 94420",33.2,13.9959541666667,14.9241925,13.39163375,15
"1268"," 94421",38,11.934375,19.7206875,15.49653125,2
"1269"," 94422",45,5.625,6.1137,9.454675,1
"1270"," 94424",28,11.45015625,17.54996875,15.4657125,4
"1271"," 94425",4,3.793375,6.70065,19.51245,1
"1272"," 94426",33,10.08125,11.263975,11.6303625,1
"1273"," 94427",30,25.559375,22.8670375,17.12633125,2
"1274"," 94510",21.6666666666667,19.4720833333333,26.3564666666667,22.4896958333333,3
"1275"," 94512",25.3333333333333,12.228425,10.8364516666667,11.0593758333333,3
"1276"," 94516",28.6666666666667,17.23,13.7682333333333,16.3907416666667,3
"1277"," 94520",33.2,14.2115,14.43869,13.507685,5
"1278"," 94521",10,20.8125,30.3085,26.339375,1
"1279"," 94522",49.2222222222222,14.1013055555556,11.892125,10.1931013888889,9
"1280"," 94523",6,31.15,16.10775,10.999125,1
"1281"," 94524",28,5.78375,10.234,15.641625,1
"1282"," 94525",66,14.9875,19.87225,17.99,1
"1283"," 94526",42.3333333333333,19.9530555555556,13.7846577777778,14.4274208333333,9
"1284"," 94529",43,11.98,11.746075,12.6397875,1
"1285"," 94535",48,45.7875,47.145,36.991875,1
"1286"," 9470",33.5,10.65125,9.5713625,11.82549375,2
"1287"," 9548",62,25.0875,34.555,38.30625,1
"1288"," 9583",58.5,11.77521875,11.34304375,11.455403125,2
"1289"," 9588",24,8.6525,8.64888333333333,10.6588125,3
"1290"," 9590",29.25,7.2195,13.42998125,12.8508890625,4
"1291"," 95901",21.3630769230769,14.7930939230769,15.1185626769231,15.2208393923077,325
"1292"," 95909",19.4745762711864,15.4987784957627,15.6708730190678,15.675843003178,236
"1293"," 9591",47,12.24175,17.2731625,15.070641875,4
"1294"," 95911",40.4647887323944,16.1384355633803,15.9482726584507,16.0573464260563,142
"1295"," 95912",29.1428571428571,16.7436607142857,20.5062471428571,19.1533632142857,14
"1296"," 95914",15.3333333333333,13.6218416666667,15.3581025,13.7651705833333,15
"1297"," 95919",35.6134969325153,16.6992852760736,16.4763336809816,15.6715520628834,163
"1298"," 9592",31.9640718562874,14.9071230538922,15.2116766317365,15.3229127020958,167
"1299"," 9593",25.0109589041096,15.0243585273973,14.7645701575342,14.8472113253425,365
"1300"," 9594",25.2081218274112,15.7293104695431,15.892981751269,15.5637250824873,197
"1301"," 9595",22.0830188679245,17.943358254717,17.2611737169811,16.9188846367925,265
"1302"," 9596",44.2881355932203,13.6790330508475,14.5016799152542,14.6841728813559,59
"1303"," 9597",29.0410141685309,15.1192908743475,15.9710684563758,15.7668781832588,1341
"1304"," 9598",35.2259615384615,15.5707817708333,15.2888422395833,15.5524337880609,624
"1305"," 9599",30,10.33625,17.72536875,15.63793125,4
"1306"," 9620",55.5,38.58125,29.619625,24.4888125,2
"1307"," 9623",9,25.8625,17.441625,18.27190625,2
"1308"," 9628",9,11.7475,12.227375,18.5753125,1
"1309"," 9630",16,8.5475,12.503075,15.2529125,1
"1310"," 9631",41,11.1675,19.007,17.00203,1
"1311"," 9635",6.8,12.7015,12.328265,11.3551035,5
"1312"," 9640",47,1.5875,9.2727,11.38405,1
"1313"," 9651",2.5,13.30375,15.806875,19.339875,2
"1314"," 9654",17.3888888888889,16.3084722222222,13.2194316666667,13.1154425,18
"1315"," 96561",20,6.06625,10.329025,10.216325,1
"1316"," 96569",9.5,13.001875,6.5879,6.6283375,2
"1317"," 9659",11.5,30.52165625,19.89239375,22.32211875,4
"1318"," 9661",28,16.7,15.45351,10.06978,1
"1319"," 9663",36,15.28625,14.8621,13.27875,1
"1320"," 9679",57,12.6275,11.99675,11.550525,1
"1321"," 9690",35.4545454545455,13.2097380681818,12.5826182954545,12.9126942045455,22
"1322"," 9693",2,2.53875,12.3295,14.2355,1
"1323"," 9694",39.75,23.9044375,22.1551625,20.20948125,4
"1324"," 9696",28,8.6675,7.7138225,8.31223625,1
"1325"," 9713",49,29.725,16.00925,15.329125,1
"1326"," 9725",11,16.825,11.401525,13.4275175,1
"1327"," 9726",29.5,7.4800375,10.4581325,12.02356625,2
"1328"," 9729",6,9.17875,12.68575,9.6126775,1
"1329"," 9731",19,15.27625,14.518125,14.0253125,1
"1330"," 9741",15,10.46125,9.95405,8.5591125,1
"1331"," 9747",3,12.21375,11.727,28.34225,1
"1332"," 9753",48.5,32.1605625,26.6272375,27.44061875,2
"1333"," 9760",23.5,34.384625,29.3105625,22.31715625,2
"1334"," 9779",27.2727272727273,22.0770568181818,16.9859613636364,17.8485988636364,11
"1335"," 9799",72,25.6625,14.35081,19.120405,1
"1336"," 9839",24.25,14.9778125,13.1686725,11.610345625,4
"1337"," 986",41.5,7.0853125,20.0196875,15.55815625,2
"1338"," 9872",23,8.485,11.3135,17.5485,2
"1339"," 9876",44,16.5365625,12.44570625,12.8530671875,4
"1340"," 9878",42,18.4651375,10.9223666666667,10.6084052083333,6
"1341"," 9879",24.25,33.98128125,19.5817875,16.546603125,4
"1342"," 9882",2,6.664875,8.67475,10.4510625,1
"1343"," 9892",3,6.3425,8.0162,11.140925,1
"1344"," 9894",35,14.845625,29.7073625,32.34868125,2
"1345"," 9895",35.92,14.47785,14.47005,14.291767,25
"1346"," 9896",22.125,16.3485625,14.721296875,15.3924221875,8
"1347"," 9897",31,11.675,15.20825,10.8136625,1
"1348"," 98989",32.3333333333333,11.2308333333333,10.6041166666667,9.3655625,3
"1349"," 9899",34,19.4625,13.03501,9.11678,1
"1350"," 990",37.5,21.09375,16.43375,14.8257025,2
"1351"," 9916",1,19.4125,15.978325,15.4304125,1
"1352"," 9930",30.5,16.8878125,16.08368125,21.57324375,4
"1353"," 9932",26,18.711875,21.5874125,16.99433125,2
"1354"," 9941",26,7.88625,9.51525,11.5330375,2
"1355"," 9946",68,8.549125,12.015325,14.1937875,1
"1356"," 9948",41,8.52666666666667,10.6713,13.30495,3
"1357"," 9950",48.25,10.1989375,10.8838625,11.9214875,4
"1358"," 9951",41.4285714285714,9.57149107142857,15.8749146428571,14.6934625892857,14
"1359"," 99520",32.3333333333333,18.9888583333333,16.5070126666667,16.0101668333333,15
"1360"," 99527",47.4545454545455,15.0197727272727,18.2383136363636,17.1874646590909,11
"1361"," 99529",34.4210526315789,11.7199171052632,20.1203089473684,18.4694911842105,19
"1362"," 9953",32.8660436137072,15.2449216121495,15.078369805296,15.1651659423676,321
"1363"," 9955",3,4.6075,4.68605,5.574375,1
"1364"," 99591",80,11.6225,12.3032675,15.09724625,2
"1365"," 9961",60.6666666666667,8.937125,9.47559166666667,9.97835,3
"1366"," 99631",70,13.3875,10.674075,13.0732875,1
"1367"," 99643",73,14.56875,13.20475,13.1464125,1
"1368"," 99649",10,2.53875,12.3295,14.2355,1
"1369"," 99653",25,7.59,11.27825,20.032875,1
"1370"," 99659",56.76,14.251998,13.8493705,15.8823462,25
"1371"," 99662",5.75,12.3483541666667,12.35762125,16.10936625,12
"1372"," 99663",17,8.3175,6.9179475,7.20586125,1
"1373"," 99673",53,15.4375,9.9133,8.4036125,1
"1374"," 99674",41,17.1,13.804925,13.329325,2
"1375"," 99676",60.6666666666667,17.8114583333333,17.4576166666667,15.3114916666667,3
"1376"," 99679",61,16.1275,9.229,14.93825,1
"1377"," 9981",33,12.7025,14.488225,14.364565,2
"1378"," 99811",44.1323529411765,15.22553125,15.2697808823529,16.0619748897059,68
"1379"," 99812",40.2,17.75385,15.34364,13.2396725,5
"1380"," 99813",47,12.71375,11.133215625,11.9985265625,4
"1381"," 99831",34,4.6075,4.68605,5.574375,1
"1382"," 99832",36.8333333333333,19.3526041666667,19.71441375,15.7321610416667,6
"1383"," 9984",19,8.41375,5.8472,9.4366,1
"1384"," 99851",47,42.6625,16.86875,30.066625,1
"1385"," 99859",44.92,14.8797175,14.38780495,14.21206995,50
"1386"," 99883",41,14.9655,13.9567065,13.66229325,5
"1387"," 99889",34.3333333333333,5.22847916666667,12.3982458333333,12.41004375,3
"1388"," 9989",56,4.158625,9.139475,26.6768625,1
"1389"," 9992",46,29.75,28.606,23.559625,1
"1390"," 9993",35.5,15.685625,16.002875,16.777025,2
"1391"," 9998",5,25.0875,34.555,38.30625,1
"1392"," 9999",33.75,7.21015625,14.804135,16.432908125,4
"1393"," V0179",38.5,12.085625,10.3537625,9.898075,2
"1394"," V037",81,32.0625,15.71938,16.3868275,2
"1395"," V0739",18,9.6759375,12.8196,13.5791125,2
"1396"," V078",5,10.4525,14.8825,17.03715,1
"1397"," V079",7,20.9775,13.21225,28.663625,1
"1398"," V1241",20,4.6075,4.68605,5.574375,1
"1399"," V1254",72,23.256875,14.3946625,21.19330125,2
"1400"," V135",6,6.02875,7.05405,6.817,1
"1401"," V1501",10,19.8125,12.97775,12.128,1
"1402"," V1502",3,5.38875,8.39425,9.236,1
"1403"," V202",0,5.78375,10.234,15.641625,1
"1404"," V221",31,8.8975,24.04425,21.2185,1
"1405"," V222",30,11.4028571428571,8.14398607142857,9.96895982142857,7
"1406"," V242",29,8.18125,15.195,12.66125,1
"1407"," V2621",27,16.7,15.45351,10.06978,1
"1408"," V298",0,7.16625,43.1135,29.959625,1
"1409"," V299",0,51.125,33.19325,22.2286125,1
"1410"," V409",27,14.2654166666667,13.98825,12.3402416666667,3
"1411"," V420",43,5.964375,14.965125,14.0849375,1
"1412"," V433",66,30.15,19.41075,16.88078,1
"1413"," V4364",71.3333333333333,5.66375,19.6988,17.3576166666667,3
"1414"," V4365",62,0.404875,9.941475,11.1440875,1
"1415"," V443",74,4.49775,15.7339,17.4760125,1
"1416"," V451",81.6666666666667,10.7108333333333,19.9142833333333,15.9854625,3
"1417"," V4569",33,0.9129375,13.8588375,15.68879375,1
"1418"," V4581",74.6666666666667,17.345,19.90346,20.3258216666667,3
"1419"," V4582",40,11.221875,17.52185,14.3792375,2
"1420"," V4584",30.5,13.966875,12.784625,13.90534375,2
"1421"," V4586",44,15.9704166666667,15.9994166666667,12.71455,3
"1422"," V4589",38.5,23.92,13.9896625,21.33101875,2
"1423"," V4962",8,9.3475,9.01225,8.18309875,1
"1424"," V500",30,22.0875,19.55625,16.255875,1
"1425"," V531",50,22.3525,27.69525,16.800175,1
"1426"," V536",53.6666666666667,22.87375,21.49815,21.0944083333333,3
"1427"," V537",34.8928571428571,19.176475,17.8974789285714,18.0213308482143,28
"1428"," V5411",32,4.95027083333333,11.4228041666667,13.0395270833333,3
"1429"," V5412",20,16.493525,15.1264225,15.4616525,5
"1430"," V5416",54.25,12.28090625,17.93063125,19.6832375,4
"1431"," V5489",16.5,13.6231875,9.4145125,19.158965625,2
"1432"," V550",55.4285714285714,11.2245178571429,19.1171107142857,21.4990446428571,7
"1433"," V551",93,72.625,31.525,21.11125,1
"1434"," V552",60,19.07625,16.4075,12.7953125,1
"1435"," V554",80,5.46,15.5735,15.4544,1
"1436"," V561",51,1.826,6.57995,18.407225,1
"1437"," V5811",7,6.795,9.8033,8.0591625,1
"1438"," V582",13,52.7625,27.5045,19.0015,1
"1439"," V5830",48.8333333333333,17.573125,11.9092,13.4881591666667,6
"1440"," V5831",34.0714285714286,11.7534598214286,10.6346196428571,13.0133479464286,14
"1441"," V5832",25.3,18.34775,18.300636,18.453720375,10
"1442"," V5862",8.03603603603604,16.2568147522523,14.1620362612613,14.889507286036,111
"1443"," V5864",25,13.2375,17.302425,15.75575,2
"1444"," V5877",82,10.1875,9.2842,10.80685,1
"1445"," V5881",78,13.46625,6.45326,6.33338,1
"1446"," V5882",66,15.7875,21.7113166666667,18.0593416666667,3
"1447"," V5901",36,9.3125,38.94075,27.777875,1
"1448"," V6284",29,28.851875,16.044075,17.84801625,2
"1449"," V642",14.5,10.817875,12.4106075,12.605845,2
"1450"," V6544",36,10.69875,13.550825,14.5621625,1
"1451"," V6545",19,14.2375,9.96945,11.7271,1
"1452"," V662",68.5,8.616625,7.3942175,7.57153375,2
"1453"," V6709",2,23.3375,14.6865,12.5661125,1
"1454"," V672",61,19.4125,15.978325,15.4304125,1
"1455"," V674",38.3333333333333,24.0293055555556,21.1753291666667,18.3290381944444,9
"1456"," V6759",85,15.4375,9.9133,8.4036125,1
"1457"," V694",19,3.245,4.692355,7.191815,1
"1458"," V704",27.5,16.3075,20.492875,20.7549375,2
"1459"," V713",41,19.2265,16.832025,17.2937175,5
"1460"," V714",24.8333333333333,17.99225,22.5445041666667,20.56310625,6
"1461"," V7189",22.375,13.9471747395833,14.0452624479167,13.3794951822917,48
"1462"," V719",42.8,29.64725,15.593036,12.5643705,5
"1463"," V720",8,7.075,9.63775,9.551875,1
"1464"," V7240",31,12.535,14.21875,14.2025375,1
"1465"," V725",20,60.1625,44.115,28.204375,1
"1466"," V726",16.1007751937984,16.843711627907,14.9928414922481,14.7354043410853,129
"1467","E8798",58,7.16625,43.1135,29.959625,1
"1468","E8889",58.5,16.2653125,11.63073,12.94309625,2
"1469","E9053",79,24.35,19.1918,18.4282,1
"1470","E915",0,5.08875,39.49375,24.863875,1
"1471","E9179",14,20.1875,15.64656,18.032905,1
"1472","E9208",5,5.055,6.455675,7.2982875,1
"1473","E9209",14,44.6625,18.40375,23.656875,1
"1474","E9283",84,6.58375,8.29075,9.102025,1
"1475","E9289",20,10.92375,5.682025,6.2453375,1
"1476","E9538",37,3.76125,14.93375,17.416405,1
"1477","E9600",22,11.87125,14.16081,18.236655,1
"1478","E9687",22,5.475,14.58675,21.045625,1
"1479","M80103",15,14.79,6.8082,17.904975,1
"1480","M80703",67,14.735,8.260125,9.09135,1
"1481","M81403",68,13.7683333333333,14.3512833333333,17.3810375,3
"1482","M81703",80,42.3875,18.51325,16.33703,1
"1483","M85003",32.5,5.2430625,10.602725,11.387225,2
"1484","M87200",22,5.08875,39.49375,24.863875,1
"1485","M90840",18,53.55,24.9845,18.3788625,1
"1486","M91803",18,8.825,9.5525,10.834375,1
"1487","M92603",11,12.593125,14.924375,14.74320625,2
"1488","M93803",14,11.675,15.20825,10.8136625,1
"1489","M94403",9.4,13.898,14.481175,14.4156425,5
"1490","M95003",7.5,11.97375,14.0055,10.2280525,2
"1491","M95103",1,9.315,12.806125,10.535815,2
"1492","M96503",18,10.69875,13.550825,14.5621625,1
"1493","M98213",10.8461538461538,12.9038653846154,13.8182802884615,13.3199376923077,26
"1494","M98613",28.5,22.043125,21.1232375,23.110480625,2
